Lastname,Firstname,GP,GS,CG,SHO,Win,Loss,Save,IP,Hits,Runs,ER,HR,BB,SO,ERA
Aardsma,David,55,0,0,0,4,2,1,80,51,32,29,15,35,69,3.26
Abad,Fernando,151,0,0,0,13,4,46,167,123,59,53,15,53,151,2.86
Accardo,Jeremy,59,0,0,0,7,6,4,91,61,29,26,3,33,74,2.57
Aceves,Alfredo,92,3,0,0,12,7,2,148,89,45,37,11,38,125,2.25
Acosta,Manny,32,0,0,0,2,4,0,34,19,9,8,2,5,30,2.12
Adam,Jason,11,0,0,0,1,0,0,11,14,11,11,3,11,18,9.00
Adams,Austin,17,0,0,0,2,2,0,18,18,10,10,0,11,27,5.00
Adams,Mike,195,0,0,0,19,27,47,249,153,97,89,29,63,237,3.22
Adams,Terry,28,0,0,0,0,0,0,30,27,10,10,0,7,19,3.00
Adleman,Tim,13,13,1,1,6,5,0,81,68,40,35,8,19,59,3.89
Affeldt,Jeremy,318,16,3,0,17,22,2,541,413,211,193,33,181,386,3.21
Ainsworth,Kurt,22,10,3,1,4,7,0,68,64,39,39,8,27,45,5.16
Albers,Matt,184,0,0,0,11,14,24,234,182,99,85,12,85,187,3.27
Alburquerque,Al,92,0,0,0,6,3,12,112,64,37,35,11,51,123,2.81
Alcala,Jorge,33,1,1,0,2,2,2,45,50,28,27,10,17,59,5.40
Alcantara,Sandy,85,85,30,8,39,28,0,625,521,313,280,78,227,507,4.03
Alexander,Scott,75,0,0,0,4,4,0,106,84,55,52,14,43,88,4.42
Alexander,Tyler,40,14,4,0,8,7,0,136,113,59,57,11,35,111,3.77
Alfonseca,Antonio,44,0,0,0,3,6,0,66,55,35,33,3,23,53,4.50
Allard,Kolby,3,0,0,0,0,0,0,2,2,1,1,0,0,0,4.50
Allen,Cody,254,0,0,0,15,17,24,319,207,130,117,50,108,323,3.30
Almanzar,Carlos,40,0,0,0,1,3,3,51,46,24,19,8,3,45,3.35
Almonte,Yency,12,0,0,0,3,3,0,19,24,17,16,0,4,13,7.58
Altavilla,Dan,7,0,0,0,0,1,0,11,12,7,7,0,1,13,5.73
Alvarado,José,37,0,0,0,4,1,4,67,54,37,36,4,31,62,4.84
Alvarez,Henderson,42,42,11,2,17,13,0,296,266,136,120,12,79,192,3.65
Alvarez,Jose,205,0,0,0,15,12,2,255,190,100,88,28,73,205,3.11
Alvarez,Wilson,61,12,3,2,6,3,0,168,141,58,52,8,44,152,2.79
Alzolay,Adbert,33,33,8,2,15,12,0,221,187,107,98,27,82,227,3.99
Anderson,Brett,191,190,43,14,65,82,0,1217,1140,591,540,143,346,911,3.99
Anderson,Brian,28,28,9,2,8,13,0,170,182,105,95,3,56,92,5.03
Anderson,Chase,107,105,21,5,43,34,0,679,660,392,352,77,244,570,4.67
Anderson,Cody,15,15,8,1,7,7,0,117,94,48,48,19,43,70,3.69
Anderson,Ian,38,38,13,2,13,19,0,266,192,116,111,39,83,268,3.76
Anderson,Nick,72,0,0,0,4,5,40,87,71,33,33,7,29,102,3.41
Anderson,Shaun,2,0,0,0,0,0,0,4,2,3,3,1,2,3,6.75
Anderson,Tyler,112,110,28,5,40,43,0,749,725,401,372,86,250,629,4.47
Andriese,Matt,32,32,9,1,14,11,0,217,199,105,98,20,58,167,4.06
Antone,Tejay,29,0,0,0,1,1,0,48,53,35,35,11,23,44,6.56
Appier,Kevin,2,1,0,0,0,1,0,6,14,7,7,1,8,6,10.50
Aquino,Greg,12,0,0,0,0,0,0,15,12,7,7,0,4,10,4.20
Arano,Víctor,33,0,0,0,2,3,1,39,21,8,8,1,13,37,1.85
Araujo,Elvis,6,0,0,0,0,0,0,11,9,8,8,0,3,7,6.55
Archer,Chris,139,139,30,7,58,51,0,951,899,503,458,53,335,896,4.33
Arias,Alberto,17,0,0,0,1,1,0,27,20,7,7,2,6,27,2.33
Armas,Tony,6,0,0,0,0,0,0,20,30,17,17,3,13,19,7.65
Armstrong,Shawn,24,0,0,0,1,1,2,38,21,8,8,0,10,40,1.89
Arredondo,Jose,120,0,0,0,5,2,40,137,93,55,46,13,54,142,3.02
Arrieta,Jake,187,147,74,16,71,48,0,1205,910,495,456,124,386,1127,3.41
Arroyo,Bronson,307,307,84,8,114,135,0,2070,2085,1115,1050,151,610,1391,4.57
Ashby,Andy,8,4,1,0,2,1,0,24,30,18,18,6,5,14,6.75
Astacio,Ezequiel,7,0,0,0,0,0,0,17,14,9,9,2,7,10,4.76
Astacio,Pedro,20,20,5,2,8,11,0,117,126,77,76,14,43,60,5.85
Atchison,Scott,83,0,0,0,1,6,30,107,79,31,26,3,32,70,2.19
Avilán,Luis,59,0,0,0,4,2,24,78,57,21,20,10,23,60,2.31
Axford,John,165,0,0,0,10,9,3,221,174,108,93,21,89,209,3.79
Ayala,Luis,248,0,0,0,19,27,3,321,257,139,129,31,98,206,3.62
Backe,Brandon,71,58,26,1,15,32,0,406,490,323,302,62,171,274,6.69
Badenhop,Burke,117,0,0,0,6,2,3,191,161,72,69,15,52,128,3.25
Baek,Cha-seung,31,31,7,0,9,13,0,207,252,129,93,11,59,137,4.04
Báez,Danys,153,0,0,0,10,14,5,157,126,73,67,6,62,108,3.84
Báez,Michel,20,0,0,0,0,0,0,21,27,19,18,5,10,19,7.71
Báez,Pedro,109,0,0,0,9,5,2,185,143,76,67,18,52,187,3.26
Bailey,Andrew,122,6,1,1,4,8,74,166,125,66,62,8,52,159,3.36
Bailey,Homer,121,118,19,2,39,58,0,813,813,431,401,31,258,696,4.44
Baker,Scott,88,87,41,4,34,38,0,644,633,333,311,81,189,467,4.35
Balester,Collin,17,17,11,0,1,13,0,134,173,89,81,21,60,84,5.44
Balfour,Grant,177,0,0,0,13,19,36,227,191,121,112,16,88,213,4.44
Banks,Josh,17,17,9,0,4,12,0,132,168,86,76,19,48,87,5.18
Bannister,Brian,32,32,13,3,11,11,0,222,219,118,105,22,58,145,4.26
Baragar,Caleb,3,3,1,0,2,0,0,19,12,6,4,0,9,19,1.89
Bard,Daniel,116,0,0,0,10,14,3,170,143,89,86,18,74,182,4.55
Bard,Luke,10,0,0,0,0,0,0,9,8,6,5,1,4,8,5.00
Barlow,Joe,6,0,0,0,0,0,4,7,4,1,1,0,4,10,1.29
Barlow,Scott,122,0,0,0,7,11,26,172,148,88,84,24,61,178,4.40
Barnes,Danny,20,0,0,0,1,1,1,22,19,13,11,2,6,23,4.50
Barnes,Jacob,17,0,0,0,1,0,2,25,21,16,15,2,9,20,5.40
Barnes,Matt,136,0,0,0,5,10,0,225,175,109,107,25,106,246,4.28
Barnette,Tony,43,0,0,0,1,2,3,69,39,16,16,6,15,60,2.09
Barraclough,Kyle,69,0,0,0,1,2,0,87,83,52,52,22,45,95,5.38
Barrett,Aaron,10,0,0,0,0,1,1,17,10,5,5,0,7,22,2.65
Barrett,Jake,15,0,0,0,1,1,0,25,15,9,9,3,13,22,3.24
Barria,Jaime,49,49,6,3,18,23,0,291,274,165,152,41,116,227,4.70
Bartosh,Cliff,2,0,0,0,0,0,0,3,1,0,0,0,0,2,0.00
Bass,Anthony,115,3,1,0,9,11,0,163,126,78,70,20,65,134,3.87
Bass,Brian,17,0,0,0,0,0,0,33,40,22,22,6,8,20,6.00
Bassitt,Chris,84,84,35,5,32,39,0,625,535,321,299,50,198,573,4.31
Bastardo,Antonio,148,0,0,0,14,16,3,203,159,104,95,19,96,228,4.21
Batista,Miguel,207,124,23,2,38,59,0,880,950,544,494,98,342,570,5.05
Bauer,Rick,79,0,0,0,4,9,4,80,72,36,33,4,22,50,3.71
Bauer,Trevor,130,130,47,9,54,65,0,942,802,521,490,51,399,1053,4.68
Bautista,Denny,11,0,0,0,2,3,1,26,27,9,9,1,11,21,3.12
Bayliss,Jonah,3,0,0,0,1,0,0,5,4,0,0,0,1,6,0.00
Beachy,Brandon,38,38,10,0,15,12,0,255,249,132,113,31,102,244,3.99
Beavan,Blake,31,31,4,1,10,12,0,177,180,107,98,21,52,92,4.98
Beck,Rod,6,0,0,0,0,0,0,3,1,0,0,0,2,3,0.00
Beckett,Josh,281,256,93,12,115,95,0,1878,1767,959,861,127,622,1640,4.13
Bedard,Erik,198,196,66,4,64,87,1,1375,1338,725,673,181,598,1125,4.41
Bednar,David,49,0,0,0,4,7,34,57,28,18,13,8,16,56,2.05
Bedrosian,Cam,141,1,0,0,5,13,4,208,182,119,108,23,99,167,4.67
Beede,Tyler,13,13,2,0,2,6,0,73,99,59,57,0,25,72,7.03
Beeks,Jalen,79,0,0,0,8,7,0,108,106,56,51,15,37,94,4.25
Beimel,Joe,178,0,0,0,9,6,33,252,230,132,122,26,90,154,4.36
Belisario,Ronald,105,0,0,0,6,10,26,123,61,36,34,12,46,100,2.49
Belisle,Matt,208,0,0,0,14,14,7,269,243,142,127,34,89,200,4.25
Bell,Heath,305,0,0,0,23,18,3,365,254,129,121,44,121,336,2.98
Bell,Trevor,10,0,0,0,0,0,0,19,34,21,21,6,5,3,9.95
Bender,Anthony,37,0,0,0,1,4,0,52,59,46,38,9,30,54,6.58
Benitez,Armando,104,0,0,0,9,7,19,103,67,41,36,6,48,93,3.15
Bennett,Jeff,46,4,0,0,3,2,0,96,94,52,49,10,40,63,4.59
Benoit,Joaquín,306,0,0,0,22,27,79,355,220,115,96,29,111,374,2.43
Benson,Kris,67,45,7,2,15,24,0,365,418,243,224,55,116,264,5.52
Bergesen,Brad,42,42,14,4,18,12,0,287,278,134,127,34,79,167,3.98
Bergmann,Jason,21,21,0,0,9,4,0,116,117,61,52,9,40,92,4.03
Berken,Jason,47,0,0,0,5,0,1,65,41,19,19,6,22,59,2.63
Bernero,Adam,2,0,0,0,0,0,1,1,4,1,1,0,0,0,9.00
Berríos,José,120,115,27,3,41,49,0,816,745,441,410,46,277,742,4.52
Betances,Dellin,234,0,0,0,16,34,66,283,215,120,110,24,120,333,3.50
Betancourt,Rafael,301,2,0,0,26,24,40,385,302,152,136,42,98,382,3.18
Bettis,Chad,38,38,5,1,18,12,0,232,200,119,108,23,82,177,4.19
Biagini,Joe,34,0,0,0,2,1,0,42,28,18,16,2,11,40,3.43
Bibens-dirkx,Austin,23,0,0,0,1,1,0,35,30,14,13,5,10,20,3.34
Bickford,Phil,37,0,0,0,5,4,1,37,21,16,13,1,14,41,3.16
Biddle,Jesse,38,0,0,0,6,4,0,50,35,14,13,1,17,46,2.34
Biddle,Rocky,54,0,0,0,1,0,0,62,77,65,55,1,49,61,7.98
Bieber,Shane,101,100,54,6,52,32,1,788,618,368,346,47,263,849,3.95
Billingsley,Chad,172,172,56,9,55,79,0,1209,1041,595,556,126,493,997,4.14
Blach,Ty,49,26,2,0,5,17,0,201,234,130,123,28,72,150,5.51
Black,Vic,29,0,0,0,1,3,0,33,19,16,13,4,13,29,3.55
Blackburn,Nick,87,87,13,4,28,41,0,531,557,284,268,69,161,342,4.54
Blackburn,Paul,20,20,1,1,5,11,0,124,111,61,55,20,37,71,3.99
Blackley,Travis,16,16,5,0,2,10,0,114,132,74,72,7,41,84,5.68
Blanton,Joe,215,126,29,4,57,58,3,972,921,506,456,101,307,652,4.22
Blazek,Michael,42,2,0,0,2,2,1,42,21,8,7,3,15,35,1.50
Bleier,Richard,148,0,0,0,16,12,11,183,119,61,55,21,33,117,2.70
Blevins,Jerry,234,0,0,0,13,17,3,273,203,111,97,23,90,258,3.20
Boggs,Mitchell,59,0,0,0,7,3,3,74,38,20,18,7,23,57,2.19
Bolsinger,Mike,21,21,2,1,8,7,0,127,129,71,66,16,43,92,4.68
Bonderman,Jeremy,96,93,19,4,33,33,0,585,592,322,290,69,193,510,4.46
Bong,Jung,32,0,0,0,0,0,0,41,65,45,37,12,25,34,8.12
Bonser,Boof,17,17,5,0,4,8,0,111,119,60,54,15,32,93,4.38
Bootcheck,Chris,3,0,0,0,0,0,0,8,10,5,5,1,3,6,5.62
Borkowski,Dave,52,0,0,0,2,2,0,112,130,74,55,12,34,77,4.42
Borowski,Joe,175,0,0,0,6,9,45,173,144,75,72,18,63,146,3.75
Bottalico,Ricky,6,0,0,0,0,0,0,11,11,8,7,2,10,8,5.73
Bowman,Matthew,18,0,0,0,1,1,0,26,28,13,13,5,8,21,4.50
Boxberger,Brad,75,0,0,0,7,3,2,114,81,34,33,11,43,136,2.61
Boyd,Matt,90,90,13,2,31,42,0,523,510,288,265,69,168,521,4.56
Boyer,Blaine,86,0,0,0,2,8,2,118,84,54,47,11,31,76,3.58
Brach,Brad,201,0,0,0,11,13,15,274,190,108,104,38,96,290,3.42
Braddock,Zach,37,0,0,0,2,2,5,31,14,10,9,1,14,36,2.61
Braden,Dallas,54,54,18,3,21,17,0,380,361,196,177,56,108,233,4.19
Bradford,Chad,203,0,0,0,10,15,43,217,159,83,77,14,61,142,3.19
Bradford,Chase,10,0,0,0,1,1,0,20,19,14,10,3,6,9,4.50
Bradley,Archie,191,0,0,0,12,15,6,255,210,120,114,15,86,248,4.02
Brasier,Ryan,67,0,0,0,2,2,23,78,56,37,32,11,29,76,3.69
Brault,Steven,34,27,2,0,14,11,0,166,183,110,106,25,73,162,5.75
Bray,Bill,49,0,0,0,2,2,0,67,53,30,28,4,29,52,3.76
Brazelton,Dewon,4,2,0,0,0,1,0,9,11,10,10,0,8,6,10.00
Brazoban,Yhency,34,0,0,0,6,2,0,54,57,32,32,4,20,36,5.33
Brebbia,John,112,0,0,0,14,6,22,127,93,46,42,12,32,136,2.98
Brentz,Jake,31,0,0,0,2,1,0,50,42,25,24,5,17,49,4.32
Breslow,Craig,218,0,0,0,19,18,7,278,200,100,90,31,89,241,2.91
Brewer,Colten,6,6,1,0,1,4,0,40,45,25,21,1,16,41,4.72
Brice,Austin,25,0,0,0,1,2,0,24,26,20,19,4,15,22,7.12
Bridwell,Parker,20,20,5,0,12,5,0,149,114,70,64,20,48,104,3.87
Britton,Chris,11,0,0,0,0,1,0,21,18,9,9,1,5,22,3.86
Britton,Zack,277,7,2,0,14,19,67,339,228,129,121,20,119,267,3.21
Brocail,Doug,77,0,0,0,9,6,3,96,104,59,55,8,43,56,5.16
Brogdon,Connor,70,0,0,0,2,4,0,98,99,55,50,11,32,85,4.59
Brothers,Rex,35,0,0,0,0,0,2,66,40,21,21,4,33,67,2.86
Brower,Jim,140,0,0,0,6,10,17,125,132,76,64,4,52,95,4.61
Brown,Andrew,22,0,0,0,1,2,0,33,24,20,17,7,15,25,4.64
Brown,Kevin,41,31,13,1,11,12,0,206,171,108,101,15,58,158,4.41
Broxton,Jonathan,318,0,0,0,23,31,11,404,283,162,150,36,163,334,3.34
Brubaker,Jt,34,34,3,0,6,18,0,196,215,119,116,28,78,200,5.33
Bruney,Brian,49,0,0,0,5,3,11,58,45,23,19,4,31,61,2.95
Bubic,Kris,17,17,3,1,5,6,0,101,98,59,56,11,44,88,4.99
Buchholz,Clay,111,111,41,6,47,39,0,793,633,353,318,36,274,691,3.61
Buchholz,Taylor,74,11,4,0,7,9,24,157,152,70,66,14,40,106,3.78
Buchter,Ryan,82,0,0,0,7,5,2,101,82,41,41,10,41,109,3.65
Buehler,Walker,109,109,58,7,64,31,0,847,645,379,342,113,229,842,3.63
Buehrle,Mark,386,360,136,24,171,130,0,2526,2417,1235,1123,212,777,1557,4.00
Bueno,Francisley,15,0,0,0,2,1,2,19,7,2,2,2,5,12,0.95
Bulger,Jason,41,0,0,0,2,1,0,61,58,32,30,8,31,51,4.43
Bumgarner,Madison,278,278,112,17,121,106,0,2063,1750,940,871,247,612,1877,3.80
Bummer,Aaron,99,0,0,0,5,6,12,122,81,52,49,11,42,116,3.61
Bundy,Dylan,71,66,16,0,26,27,0,471,472,273,260,41,168,450,4.97
Burba,Dave,28,6,0,0,0,3,0,38,46,36,30,5,21,34,7.11
Burgos,Ambiorix,25,0,0,0,1,0,0,57,67,46,43,3,25,48,6.79
Burnes,Corbin,68,53,37,4,19,25,0,497,327,246,213,92,181,555,3.86
Burnett,A. J.,301,300,98,16,132,115,0,2094,1800,1037,955,195,836,1756,4.10
Burnett,Sean,98,4,4,0,8,17,13,144,131,88,87,19,77,112,5.44
Burr,Ryan,8,0,0,0,2,2,0,10,8,5,3,3,4,8,2.70
Burres,Brian,17,16,6,0,2,11,0,118,179,97,94,23,47,81,7.17
Burroughs,Sean,2,0,0,0,0,0,0,5,6,3,3,0,1,3,5.40
Burton,Jared,114,0,0,0,12,9,0,142,95,47,45,11,56,144,2.85
Busenitz,Alan,6,0,0,0,1,1,0,7,6,4,4,1,2,3,5.14
Bush,Dave,142,142,50,13,53,67,0,996,1101,564,517,133,273,706,4.67
Bush,Matt,67,0,0,0,6,1,0,79,47,20,18,2,21,85,2.05
Butler,Eddie,10,8,3,1,3,4,0,59,51,28,24,6,30,48,3.66
Buttrey,Ty,15,0,0,0,0,2,0,18,22,9,8,1,4,22,4.00
Byrd,Paul,96,96,32,4,42,38,0,656,621,347,326,73,189,378,4.47
Byrdak,Tim,34,0,0,0,2,2,1,67,60,42,37,10,36,52,4.97
Cabrera,Daniel,34,34,10,1,13,14,0,232,235,131,114,18,103,230,4.42
Cabrera,Fernando,32,0,0,0,2,0,0,51,36,20,19,3,26,42,3.35
Cabrera,Génesis,48,1,0,0,3,2,0,86,56,32,28,7,47,73,2.93
Cabrera,Mauricio,27,0,0,0,2,1,0,38,17,10,10,1,15,37,2.37
Cahill,Trevor,188,148,48,9,59,59,9,1063,906,536,484,107,440,802,4.10
Cain,Matt,197,195,72,19,83,71,1,1398,1299,672,609,66,498,1100,3.92
Calero,Kiko,118,0,0,0,8,13,23,132,91,41,38,8,47,116,2.59
Cameron,Kevin,20,0,0,0,1,0,1,41,19,14,12,4,18,27,2.63
Caminero,Arquimedes,44,0,0,0,0,4,0,60,60,42,34,14,24,58,5.10
Camp,Shawn,175,0,0,0,10,10,2,248,202,95,79,24,65,156,2.87
Campillo,Jorge,21,21,6,2,5,8,0,138,127,69,57,11,50,109,3.72
Canning,Griffin,61,61,14,0,17,31,0,380,374,234,223,51,161,340,5.28
Capps,Carter,24,0,0,0,2,0,19,29,8,1,2,0,9,39,0.62
Capps,Matt,174,0,0,0,12,10,67,252,221,107,92,15,51,199,3.29
Capuano,Chris,65,65,15,3,27,17,0,401,379,197,189,42,130,294,4.24
Carle,Shane,40,0,0,0,4,5,2,68,55,36,34,10,32,58,4.50
Carlson,Jesse,33,0,0,0,4,7,1,55,39,22,19,1,17,51,3.11
Carlyle,Buddy,24,0,0,0,5,4,0,42,29,23,22,5,19,31,4.71
Carpenter,Chris,188,188,115,8,82,79,0,1523,1191,644,597,185,398,1201,3.53
Carpenter,David,36,0,0,0,0,0,24,43,13,7,7,2,6,53,1.47
Carrara,Giovanni,39,0,0,0,5,4,0,46,32,18,16,5,14,34,3.13
Carrasco,Carlos,189,189,58,10,84,74,0,1311,1166,643,607,172,426,1386,4.17
Carrasco,D. J.,76,0,0,0,5,8,1,120,105,58,54,18,42,71,4.05
Carrasco,Hector,75,1,0,0,7,6,4,96,60,29,26,6,31,59,2.44
Carter,Lance,85,0,0,0,7,1,4,102,83,51,40,7,32,67,3.53
Cashner,Andrew,96,96,36,6,44,29,0,682,569,302,282,46,227,426,3.72
Casilla,Santiago,231,0,0,0,17,17,31,306,206,89,80,15,97,249,2.35
Cassevah,Bobby,3,0,0,0,0,0,0,3,2,4,4,2,4,2,12.00
Cassidy,Scott,29,0,0,0,4,3,2,37,26,11,10,4,9,41,2.43
Castano,Daniel,17,17,6,0,5,9,0,128,127,80,74,11,48,95,5.20
Castellanos,Humberto,7,5,1,1,1,3,0,28,29,22,15,8,16,15,4.82
Castillo,Diego,130,11,4,1,15,10,1,240,191,101,95,32,97,276,3.56
Castillo,José,10,0,0,0,1,0,0,17,8,5,4,1,4,21,2.12
Castillo,Luis,95,95,16,5,34,47,0,667,577,343,308,38,248,618,4.16
Castro,Fabio,13,0,0,0,2,3,0,20,6,6,4,2,6,13,1.80
Castro,Miguel,65,0,0,0,1,4,0,105,86,59,56,17,62,85,4.80
Cease,Dylan,66,55,20,2,24,23,0,393,371,227,207,57,154,380,4.74
Cecil,Brett,111,17,6,0,8,18,2,252,230,144,135,28,97,215,4.82
Cedeño,Xavier,85,0,0,0,4,7,1,95,68,39,38,12,43,101,3.60
Cerda,Jaime,31,0,0,0,0,4,2,37,31,27,23,0,19,33,5.59
Cessa,Luis,104,4,0,0,10,9,0,146,119,69,65,21,53,107,4.01
Chacin,Gustavo,52,52,16,4,30,15,1,361,314,206,159,33,132,204,3.96
Chacín,Jhoulys,158,157,55,7,66,50,0,1078,855,447,419,117,395,836,3.50
Chacon,Shawn,55,37,13,3,14,16,0,302,298,171,160,32,112,203,4.77
Chafin,Andrew,121,0,0,0,5,7,22,191,122,80,73,19,81,174,3.44
Chamberlain,Joba,125,0,0,0,3,14,1,255,261,162,150,14,116,263,5.29
Chapman,Aroldis,467,0,0,0,41,36,197,533,330,203,194,54,238,673,3.28
Chargois,J. T.,51,0,0,0,3,1,0,52,33,16,14,7,15,49,2.42
Chatwood,Tyler,90,46,6,2,16,18,1,399,389,229,218,57,185,318,4.92
Chavez,Jesse,163,45,8,2,22,23,2,489,451,230,209,27,155,446,3.85
Chen,Bruce,109,109,27,7,46,35,0,735,654,339,303,74,237,517,3.71
Chen,Wei-yin,111,111,35,9,46,42,0,746,689,351,339,87,190,584,4.09
Chico,Matt,29,29,9,0,11,13,0,205,229,132,127,32,82,140,5.58
Chirinos,Yonny,99,21,1,0,7,24,2,209,213,127,119,27,51,187,5.12
Choate,Randy,60,0,0,0,3,2,1,69,62,33,28,10,22,64,3.65
Christiansen,Jason,6,0,0,0,0,0,0,3,4,3,3,1,8,2,9.00
Chulk,Vinnie,37,0,0,0,2,4,2,47,59,30,30,6,15,42,5.74
Cimber,Adam,123,0,0,0,10,8,1,140,103,63,58,15,43,99,3.73
Cingrani,Tony,127,18,7,0,7,16,0,255,262,136,123,20,100,250,4.34
Cishek,Steve,337,0,0,0,24,37,34,399,275,168,151,39,141,392,3.41
Cisnero,José,63,0,0,0,4,4,0,94,90,66,56,18,46,101,5.36
Civale,Aaron,54,48,11,0,6,27,0,287,327,206,196,11,93,243,6.15
Clarke,Taylor,11,11,2,1,4,3,0,63,60,36,30,9,25,61,4.29
Clase,Emmanuel,67,0,0,0,12,6,31,91,60,29,27,2,24,79,2.67
Claudio,Alex,138,1,0,0,12,9,2,179,138,79,78,21,51,140,3.92
Clemens,Roger,131,98,40,5,47,30,0,716,622,341,312,70,275,610,3.92
Clement,Matt,108,76,17,1,28,35,0,499,538,328,298,56,221,374,5.37
Clevinger,Mike,96,95,23,2,34,45,0,611,511,343,322,83,273,573,4.74
Clippard,Tyler,471,7,1,1,29,35,24,674,528,300,272,71,241,651,3.63
Cobb,Alex,124,124,48,4,58,40,0,895,806,439,414,127,274,788,4.16
Cody,Kyle,15,15,8,1,11,3,0,125,77,53,50,14,57,85,3.60
Coffey,Todd,108,0,0,0,7,5,0,158,119,58,52,11,40,111,2.96
Coke,Phil,65,0,0,0,3,0,0,119,111,51,51,14,31,86,3.86
Cole,A. J.,39,0,0,0,5,2,1,57,52,29,29,9,21,56,4.58
Cole,Gerrit,254,255,119,22,124,93,0,1932,1493,803,745,201,599,1954,3.47
Coleman,Casey,3,3,0,0,1,2,0,15,23,21,19,2,17,10,11.40
Coleman,Louis,76,0,0,0,2,3,20,93,73,43,37,12,41,99,3.58
Collins,Tim,74,0,0,0,4,4,2,100,88,42,36,10,44,114,3.24
Collmenter,Josh,145,70,17,5,30,30,1,583,509,256,228,41,165,382,3.52
Colome,Jesus,41,0,0,0,1,0,0,48,32,15,14,1,22,48,2.62
Colomé,Alex,223,13,0,0,22,21,54,334,247,125,120,11,98,277,3.23
Colon,Bartolo,311,272,116,9,89,133,0,2031,1952,1021,939,212,610,1409,4.16
Colon,Roman,12,0,0,0,0,0,0,20,23,8,8,0,12,13,3.60
Condrey,Clay,74,0,0,0,7,11,3,103,77,32,26,5,30,60,2.27
Conley,Adam,49,37,12,1,17,17,0,279,259,131,120,30,90,227,3.87
Contreras,José,136,93,35,4,45,45,0,721,658,372,325,58,267,514,4.06
Cook,Aaron,128,127,29,7,43,59,0,788,803,438,405,72,254,345,4.63
Cook,Ryan,99,0,0,0,8,10,27,126,77,51,50,17,47,125,3.57
Coonrod,Sam,19,0,0,0,1,1,0,27,15,7,5,0,15,18,1.67
Corbin,Patrick,164,157,38,5,63,69,0,1121,1033,605,567,65,340,1037,4.55
Corcoran,Roy,30,0,0,0,4,2,0,48,30,13,12,1,27,37,2.25
Cordero,Chad,161,0,0,0,11,16,33,226,175,106,98,15,85,185,3.90
Cordero,Francisco,322,0,0,0,21,32,8,411,351,227,207,41,150,420,4.53
Cordero,Jimmy,23,0,0,0,1,1,1,32,22,20,18,8,11,24,5.06
Corey,Mark,3,0,0,0,0,0,0,7,5,5,5,2,2,8,6.43
Cormier,Lance,115,0,0,0,10,9,1,148,114,70,64,21,59,93,3.89
Cormier,Rheal,191,0,0,0,17,9,45,171,99,48,43,2,51,116,2.26
Corpas,Manny,52,1,0,0,3,7,9,89,71,50,47,13,37,61,4.75
Correia,Kevin,139,53,11,3,26,26,0,456,466,262,240,45,170,315,4.74
Cortes,David,22,0,0,0,1,2,0,37,37,19,13,5,14,19,3.16
Cortes,Nestor,14,14,8,0,6,7,0,113,112,70,58,12,49,106,4.62
Cosart,Jarred,55,53,27,2,17,33,0,420,451,270,245,48,144,274,5.25
Cotts,Neal,129,4,0,0,11,8,47,168,89,43,40,6,53,141,2.14
Coulombe,Danny,42,0,0,0,1,3,0,65,70,31,30,6,22,68,4.15
Cousins,Jake,13,0,0,0,3,1,1,23,12,9,9,0,8,28,3.52
Covey,Dylan,7,0,0,0,0,0,0,12,20,7,7,0,6,7,5.25
Crain,Jesse,329,0,0,0,27,26,29,399,298,169,154,42,128,327,3.47
Cravy,Tyler,5,0,0,0,0,0,0,9,19,8,8,1,4,5,8.00
Cressend,Jack,72,0,0,0,4,2,12,47,23,11,11,0,17,24,2.11
Crichton,Stefan,38,0,0,0,0,4,27,39,21,7,7,1,12,34,1.62
Crick,Kyle,46,0,0,0,6,5,1,54,27,13,13,4,25,44,2.17
Crismatt,Nabil,3,0,0,0,0,0,0,7,8,3,2,1,2,5,2.57
Crochet,Garrett,34,0,0,0,2,0,1,50,35,16,12,1,10,60,2.16
Crockett,Kyle,30,0,0,0,1,1,17,29,12,6,5,2,3,23,1.55
Crow,Aaron,63,0,0,0,5,3,1,86,58,29,26,11,28,62,2.72
Crowe,Wil,9,4,0,0,0,4,0,30,51,37,33,0,20,31,9.90
Crudale,Mike,32,0,0,0,1,0,2,15,13,3,3,0,6,7,1.80
Cruz,Juan,121,0,0,0,9,14,4,201,148,99,87,13,86,206,3.90
Cruz,Nelson,1,1,0,0,1,0,0,5,8,5,5,1,6,8,9.00
Cruz,Nelson,6,0,0,0,0,0,0,9,9,7,7,0,2,2,7.00
Cueto,Johnny,284,272,130,10,116,112,0,2167,1797,1002,927,213,683,1734,3.85
Cunnane,Will,44,0,0,0,0,0,0,11,6,4,4,1,2,7,3.27
Curtiss,John,75,0,0,0,3,8,32,82,62,39,36,19,21,65,3.95
Daley,Matt,21,0,0,0,2,0,0,40,37,20,20,4,19,45,4.50
Danks,John,180,180,45,12,65,75,0,1202,1107,586,539,129,443,894,4.04
Darensbourg,Vic,23,0,0,0,0,1,0,20,17,6,6,3,1,11,2.70
Darvish,Yu,198,198,82,11,92,72,0,1411,1195,637,579,155,450,1386,3.69
Davies,Kyle,41,41,17,1,12,20,0,308,308,160,149,38,106,201,4.35
Davies,Zach,185,185,75,9,83,65,0,1326,1246,711,675,190,492,1100,4.58
Davis,Doug,177,158,42,4,63,70,0,1046,1066,689,611,86,460,820,5.26
Davis,Jason,84,35,5,1,13,21,0,269,335,202,189,22,125,179,6.32
Davis,Wade,319,55,11,2,33,49,102,642,605,373,333,56,242,538,4.67
Day,Zach,73,8,1,0,4,7,0,135,194,108,90,6,59,86,6.00
Dayton,Grant,48,0,0,0,3,4,1,63,43,28,28,7,30,52,4.00
De Fratus,Justin,37,0,0,0,7,2,23,44,23,12,12,5,8,33,2.45
Degrom,Jacob,215,215,144,24,119,71,0,1758,1088,622,579,128,550,2022,2.96
Dejean,Mike,56,0,0,1,2,2,2,56,53,22,19,6,21,55,3.05
Delabar,Steve,42,0,0,0,5,4,0,60,47,21,20,6,21,62,3.00
De La Rosa,Dane,32,0,0,0,3,1,1,60,49,30,21,8,17,49,3.15
De La Rosa,Jorge,148,132,46,2,46,60,0,935,915,509,466,102,362,714,4.49
De La Rosa,Rubby,50,49,5,1,17,16,0,285,265,142,131,35,113,236,4.14
Delcarmen,Manny,77,0,0,0,5,5,14,83,66,46,35,2,31,81,3.80
Delgado,Randall,38,5,1,1,3,6,2,89,62,34,32,7,33,76,3.24
De Los Santos,Fautino,13,0,0,0,0,0,0,30,31,24,20,1,17,35,6.00
Dempster,Ryan,278,154,32,3,66,67,4,1225,1172,686,628,117,535,972,4.61
Descalso,Daniel,4,0,0,0,0,0,0,6,3,1,1,0,2,4,1.50
Desclafani,Anthony,98,93,28,5,39,34,0,619,549,304,293,81,178,543,4.26
Despaigne,Odrisamer,27,27,7,1,4,16,0,163,229,128,119,24,32,91,6.57
Dessens,Elmer,84,0,0,0,1,3,30,169,146,80,74,17,43,99,3.94
Detwiler,Ross,86,42,8,2,16,23,0,361,382,218,196,47,126,254,4.89
Devenski,Chris,157,0,0,0,17,5,38,228,170,71,61,23,63,214,2.41
Devine,Joey,34,0,0,0,3,2,0,42,25,9,8,1,17,42,1.71
De Vries,Cole,23,22,5,1,6,9,0,151,151,70,68,20,35,106,4.05
Diamond,Scott,27,27,11,2,13,10,0,199,150,83,79,22,53,122,3.57
Diaz,Jumbo,4,0,0,0,0,0,0,6,6,1,1,0,1,4,1.50
Díaz,Edwin,212,0,0,0,8,15,1,275,210,119,111,9,86,328,3.63
Dickey,R. A.,255,221,53,9,87,94,0,1568,1497,842,770,140,558,1245,4.42
Diekman,Jake,120,0,0,0,10,5,7,188,158,77,68,16,76,175,3.26
Dinardo,Lenny,16,16,3,3,7,5,0,94,100,56,50,13,44,52,4.79
Dingman,Craig,11,0,0,0,1,0,0,20,20,13,11,0,13,10,4.95
Dobnak,Randy,8,7,2,0,0,3,0,51,41,22,22,6,17,28,3.88
Dohmann,Scott,29,0,0,0,0,0,0,43,41,28,26,3,14,34,5.44
Dolis,Rafael,41,0,0,0,5,3,19,60,29,17,14,0,35,59,2.10
Dominguez,Juan,10,10,0,0,1,4,0,55,64,30,25,0,16,36,4.09
Domínguez,Seranthony,29,0,0,0,1,1,0,48,52,30,29,4,22,49,5.44
Donnelly,Brendan,217,0,0,0,14,19,35,218,166,93,87,16,77,205,3.59
Doolittle,Sean,246,0,0,0,9,19,37,368,349,184,169,20,104,375,4.13
Dotel,Octavio,210,0,0,0,16,4,2,251,180,106,95,21,87,270,3.41
Doubront,Felix,24,22,2,0,1,16,0,126,160,114,92,22,73,120,6.57
Doval,Camilo,7,0,0,0,2,0,0,16,4,1,1,1,2,16,0.56
Downs,Scott,286,11,0,0,30,32,14,414,342,187,170,46,146,320,3.70
Drake,Oliver,12,0,0,0,2,1,0,17,12,13,13,5,9,27,6.88
Dreifort,Darren,7,7,1,0,2,2,0,48,57,28,26,6,18,39,4.88
Drese,Ryan,7,7,1,0,3,1,0,45,51,28,27,9,12,33,5.40
Duchscherer,Justin,164,20,9,2,15,17,56,319,221,113,102,31,87,256,2.88
Duckworth,Brandon,4,0,0,0,0,0,0,4,8,2,2,0,2,7,4.50
Duensing,Brian,125,21,9,4,14,11,2,312,229,113,101,26,92,248,2.91
Duffey,Tyler,183,24,4,0,14,23,42,321,262,160,147,43,107,267,4.12
Duffy,Danny,105,105,25,4,34,55,0,733,661,424,384,45,257,667,4.71
Duke,Zach,176,95,43,2,33,61,0,812,870,476,449,97,269,620,4.98
Dull,Ryan,40,0,0,0,3,3,19,54,39,15,14,7,15,59,2.33
Dunn,Justin,27,27,3,1,9,11,0,133,147,98,94,15,76,104,6.36
Dunn,Mike,132,0,0,0,5,15,0,213,221,124,108,22,78,213,4.56
Dunning,Dane,27,27,4,1,12,10,0,150,118,72,67,11,72,126,4.02
Durbin,Chad,71,1,0,0,4,7,3,122,146,84,74,8,53,106,5.46
Dyson,Sam,151,0,0,0,15,14,18,215,135,62,60,25,70,181,2.51
Eaton,Adam,93,68,18,6,33,23,0,482,426,236,224,18,144,317,4.18
Edgin,Josh,3,0,0,0,0,0,0,5,0,0,0,0,0,14,0.00
Edwards,Carl,92,0,0,0,6,5,1,121,88,52,46,8,43,136,3.42
Eflin,Zach,100,88,32,4,38,30,0,627,597,308,289,86,150,509,4.15
Eickhoff,Jerad,63,63,20,5,27,20,0,418,412,243,221,63,129,366,4.76
Eischen,Joey,65,0,0,0,2,3,22,33,21,6,5,0,8,28,1.36
Elarton,Scott,43,43,7,1,12,22,0,247,294,190,172,14,79,160,6.27
Elbert,Scott,18,0,0,0,2,2,0,22,10,3,3,1,7,17,1.23
Eldred,Cal,36,1,1,0,1,0,1,75,76,29,28,8,17,55,3.36
Ellington,Brian,21,0,0,0,1,3,10,26,20,9,7,5,7,29,2.42
Embree,Alan,147,0,0,0,8,10,4,144,142,91,84,8,52,138,5.25
Enright,Barry,15,15,2,1,5,6,0,98,100,45,42,11,31,60,3.86
Eovaldi,Nathan,105,105,17,3,38,40,0,645,670,382,356,80,215,608,4.97
Eppley,Cody,13,0,0,0,1,0,0,23,14,3,3,2,7,10,1.17
Erlin,Robbie,40,1,0,0,5,5,1,90,91,49,46,11,14,55,4.60
Escobar,Kelvim,99,82,24,3,43,24,0,582,527,339,307,70,205,393,4.75
Eshelman,Thomas,11,11,2,1,5,3,0,71,62,32,31,12,21,16,3.93
Espino,Paolo,16,16,3,0,5,7,0,96,97,51,44,13,26,84,4.12
Estes,Shawn,31,30,3,2,8,17,0,185,206,140,137,28,82,108,6.66
Estévez,Carlos,42,0,0,0,2,2,0,57,52,22,22,4,24,49,3.47
Estrada,Marco,131,128,34,12,62,44,0,861,784,429,409,91,297,813,4.28
Eveland,Dana,3,0,0,0,0,1,0,3,6,10,6,0,2,4,18.00
Eyre,Scott,174,0,0,0,6,7,2,218,170,116,96,20,106,190,3.96
Fairbanks,Pete,58,0,0,0,2,5,1,77,59,38,30,5,32,80,3.51
Familia,Jeurys,189,0,0,0,12,16,41,223,143,87,80,18,75,214,3.23
Faria,Jake,14,14,1,0,6,2,0,93,80,59,48,8,38,116,4.65
Farmer,Buck,21,0,0,0,0,2,1,33,33,24,24,7,12,24,6.55
Farnsworth,Kyle,213,0,0,0,8,13,2,267,210,102,96,20,114,237,3.24
Farquhar,Danny,36,0,0,0,0,3,1,47,48,28,27,4,18,46,5.17
Fassero,Jeff,19,0,0,0,0,0,0,43,37,19,18,5,8,15,3.77
Fedde,Erick,45,43,16,1,9,26,0,295,346,230,218,58,149,222,6.65
Feldman,Scott,156,135,30,5,43,64,0,919,925,497,462,78,343,616,4.52
Feliciano,Pedro,119,0,0,0,8,14,28,149,95,63,51,12,58,143,3.08
Feliz,Neftalí,135,4,2,0,17,19,12,201,136,96,79,6,83,198,3.54
Ferguson,Caleb,28,2,0,0,5,2,0,50,40,27,24,4,16,70,4.32
Fernández,José,57,54,43,4,26,27,0,463,373,178,162,37,102,438,3.15
Feyereisen,J. P.,43,0,0,0,5,10,0,45,31,26,24,6,26,45,4.80
Fields,Josh,87,0,0,0,4,5,2,129,99,56,49,10,51,116,3.42
Fien,Casey,54,0,0,0,4,5,1,74,52,26,24,5,20,63,2.92
Fiers,Mike,170,169,39,6,70,68,0,1113,1102,565,530,155,315,914,4.29
Fife,Stephen,8,0,0,0,0,0,0,25,22,9,9,3,9,20,3.24
Figueroa,Nelson,11,11,5,1,8,3,0,81,52,31,29,7,28,68,3.22
Fillmyer,Heath,8,8,6,1,4,3,0,63,45,26,17,7,30,51,2.43
Finnegan,Brandon,44,33,4,0,6,12,0,181,194,122,108,26,94,157,5.37
Finnegan,Kyle,66,0,0,0,2,2,1,108,94,70,64,15,44,93,5.33
Fister,Doug,195,193,66,19,89,72,0,1361,1154,592,566,140,382,947,3.74
Flaherty,Jack,72,72,28,9,25,36,0,509,408,256,238,67,182,575,4.21
Fleming,Josh,15,15,3,0,7,7,0,99,105,63,58,18,36,91,5.27
Flexen,Chris,30,30,8,1,12,12,0,205,171,107,101,42,60,146,4.43
Flores,Randy,15,0,0,0,0,1,0,18,14,6,6,1,5,23,3.00
Flores,Ron,2,0,0,0,0,0,0,5,3,1,1,0,1,3,1.80
Floro,Dylan,127,0,0,0,6,6,2,162,113,61,60,20,50,126,3.33
Floyd,Gavin,187,187,51,21,82,55,0,1251,1187,615,568,129,423,965,4.09
Flynn,Brian,21,0,0,0,2,1,14,27,21,11,11,4,13,24,3.67
Fogg,Josh,164,144,68,3,31,97,0,1044,1305,711,661,137,434,611,5.70
Foltynewicz,Mike,123,123,25,4,39,49,0,794,781,432,397,104,294,755,4.50
Font,Wilmer,17,17,2,0,6,9,0,105,95,68,58,9,44,98,4.97
Fossum,Casey,33,25,7,1,11,9,0,186,164,102,94,14,87,106,4.55
Foster,Matt,25,5,1,1,5,1,0,61,41,17,17,5,22,59,2.51
Foulke,Keith,159,0,0,0,11,5,43,183,113,55,53,17,38,168,2.61
Fox,Chad,40,0,0,0,0,0,1,25,12,7,4,0,9,19,1.44
Francis,Jeff,64,54,9,2,25,20,7,408,390,209,191,25,126,238,4.21
Francisco,Frank,129,0,0,0,6,4,1,186,163,84,65,22,66,170,3.15
Franklin,Ryan,172,25,9,2,14,21,7,392,347,207,191,44,150,262,4.39
Franklin,Wayne,62,32,20,0,6,21,0,257,318,162,152,27,119,143,5.32
Frasor,Jason,259,0,0,0,14,16,34,357,329,209,192,37,154,351,4.84
Freeland,Kyle,113,113,35,3,49,41,0,798,690,398,379,107,276,623,4.27
Freeman,Sam,81,0,0,0,7,8,1,102,61,42,36,7,43,72,3.18
Frías,Carlos,16,11,2,0,5,1,0,80,75,43,41,12,30,75,4.61
Fried,Max,88,88,33,5,37,28,0,632,519,322,307,95,219,557,4.37
Frieri,Ernesto,115,0,0,0,9,14,27,146,102,65,55,14,70,155,3.39
Fry,Paul,45,0,0,0,5,4,1,66,54,49,40,6,32,50,5.45
Fuentes,Brian,328,0,0,0,22,18,4,385,271,134,120,32,149,358,2.81
Fulchino,Jeff,50,0,0,0,3,2,0,50,40,18,18,5,19,42,3.24
Fulmer,Michael,127,77,31,2,28,37,0,590,652,366,342,73,210,458,5.22
Fultz,Aaron,77,0,0,0,3,4,3,103,67,38,35,9,48,72,3.06
Funkhouser,Kyle,6,0,0,0,1,0,0,12,15,7,7,3,5,8,5.25
Furbush,Charlie,96,26,4,2,8,14,0,239,247,130,124,29,83,251,4.67
Gagne,Eric,197,0,0,0,13,11,27,189,120,57,53,11,63,192,2.52
Galarraga,Armando,30,30,10,1,10,15,0,213,207,124,113,24,89,171,4.77
Gallagher,Sean,18,18,0,0,2,6,0,88,109,76,70,8,48,68,7.16
Gallardo,Yovani,241,241,90,6,95,105,0,1706,1580,882,803,92,621,1440,4.24
Gallegos,Giovanny,136,0,0,0,10,7,15,171,133,72,71,24,52,189,3.74
Gallen,Zac,63,63,20,2,26,24,0,456,381,215,203,36,198,462,4.01
Gallo,Mike,57,0,0,0,0,4,0,63,37,23,22,4,16,31,3.14
Gant,John,87,20,11,1,11,17,1,272,243,183,171,48,132,208,5.66
Garcia,Bryan,39,0,0,0,0,3,2,55,38,31,28,4,40,33,4.58
Garcia,Freddy,197,169,48,9,64,72,0,1247,1099,638,589,68,396,822,4.25
Garcia,Luis,28,28,3,1,8,14,0,179,187,115,106,35,74,190,5.33
García,Deivi,17,15,3,0,1,8,0,89,137,84,72,14,29,85,7.28
García,Jaime,162,158,42,7,61,60,0,1053,939,528,489,82,356,910,4.18
García,Jarlín,113,0,0,0,8,6,36,136,81,45,42,16,48,89,2.78
García,Luis,80,0,0,0,7,5,0,99,65,44,40,11,36,92,3.64
García,Yimi,108,0,0,0,6,8,23,165,148,84,78,22,46,141,4.25
Gardner,Lee,52,0,0,0,8,8,1,62,44,23,21,5,19,42,3.05
Garland,Jon,245,245,76,14,102,90,0,1711,1613,834,758,152,540,947,3.99
Garrett,Amir,105,11,0,0,5,12,0,201,161,98,92,9,71,196,4.12
Garza,Matt,226,226,59,15,85,85,0,1479,1341,696,645,156,520,1198,3.92
Gaudin,Chad,114,40,13,1,17,19,0,408,442,217,212,52,172,297,4.68
Gausman,Kevin,184,175,52,8,74,51,1,1132,1037,561,536,57,360,1074,4.26
Gaviglio,Sam,58,10,0,0,7,11,5,129,108,68,61,11,59,116,4.26
Gearrin,Cory,50,0,0,0,2,3,0,59,23,18,17,4,33,53,2.59
Geary,Geoff,90,0,0,0,8,4,3,134,119,60,50,11,52,88,3.36
Gee,Dillon,149,88,53,2,18,73,0,788,908,495,455,96,246,455,5.20
Geltz,Steve,19,0,0,0,1,0,0,25,14,8,6,3,4,26,2.16
German,Franklyn,36,2,2,0,1,5,0,59,59,37,30,4,27,33,4.58
Germán,Domingo,41,41,10,2,20,12,0,283,245,139,133,48,75,264,4.23
Germano,Justin,24,24,7,0,3,17,0,157,208,124,115,19,70,103,6.59
Gervacio,Sammy,11,0,0,0,1,1,1,18,16,4,4,0,9,19,2.00
Gibson,Kyle,192,184,26,10,78,50,0,1132,981,573,532,144,415,898,4.23
Gilbert,Logan,24,24,5,1,8,7,0,154,150,66,64,13,33,141,3.74
Gilbert,Tyler,5,5,0,0,3,2,0,31,31,18,18,10,9,27,5.23
Giles,Ken,199,0,0,0,14,16,29,228,132,81,73,25,108,254,2.88
Gilmartin,Sean,28,0,0,0,0,4,2,39,29,17,17,8,8,41,3.92
Ginkel,Kevin,18,0,0,0,1,2,11,13,12,10,10,0,9,14,6.92
Giolito,Lucas,103,103,31,0,35,50,0,755,661,444,406,42,304,777,4.84
Givens,Mychal,105,0,0,0,4,9,20,166,129,71,64,6,68,170,3.47
Glasnow,Tyler,53,53,21,7,28,9,0,352,279,164,143,9,108,397,3.66
Glavine,Tom,111,109,29,6,47,33,0,761,654,370,328,74,272,452,3.88
Glover,Gary,10,0,0,0,0,0,0,34,32,18,17,3,20,29,4.50
Glover,Koda,1,0,0,0,0,0,0,2,2,1,1,0,2,0,4.50
Gobble,Jimmy,44,16,2,0,7,10,1,128,139,84,76,5,53,84,5.34
Godley,Zack,57,57,9,2,28,12,0,366,358,183,172,48,143,343,4.23
Goeddel,Erik,18,0,0,0,1,2,1,30,22,8,8,3,6,30,2.40
Gomber,Austin,46,20,4,0,9,9,0,186,194,126,113,24,85,180,5.47
Gómez,Jeanmar,88,0,0,0,7,5,1,121,93,45,43,10,47,79,3.20
Gonsolin,Tony,28,28,15,4,14,10,0,206,159,98,93,31,58,185,4.06
Gonzales,Marco,120,120,39,6,51,42,0,845,785,438,408,126,230,709,4.35
Gonzalez,Edgar,5,4,3,1,2,2,0,35,33,15,13,1,13,22,3.34
Gonzalez,Geremi,42,21,2,1,4,8,0,114,125,83,81,14,49,86,6.39
Gonzalez,Gio,249,245,79,7,88,94,1,1644,1346,896,816,90,713,1472,4.47
Gonzalez,Marwin,3,2,1,0,0,1,0,20,28,15,14,1,11,17,6.30
Gonzalez,Mike,157,0,0,0,12,20,45,209,172,104,96,17,91,247,4.13
González,Chi Chi,2,2,0,0,0,0,0,10,13,4,4,0,5,7,3.60
González,Miguel,94,94,18,5,41,25,0,617,598,315,289,74,192,457,4.22
González,Victor,49,0,0,0,2,5,23,58,42,30,24,4,19,60,3.72
Goody,Nick,74,0,0,0,7,6,9,94,83,60,50,11,52,101,4.79
Gordon,Alex,2,0,0,0,0,0,0,3,2,0,0,0,1,1,0.00
Gordon,Tom,201,3,0,0,16,18,1,235,169,92,84,22,85,228,3.22
Gorzelanny,Tom,102,42,9,3,16,22,0,340,347,219,199,42,174,247,5.27
Gott,Trevor,31,0,0,0,2,1,0,50,38,26,24,7,19,36,4.32
Grabow,John,54,0,0,0,4,5,2,90,66,45,43,9,47,73,4.30
Grace,Matt,70,0,0,0,5,4,0,100,79,36,36,15,27,74,3.24
Graterol,Brusdar,44,0,0,0,4,1,0,69,67,32,31,5,15,47,4.04
Graveman,Kendall,113,69,26,3,30,36,0,520,495,286,274,69,173,388,4.74
Graves,Danny,42,3,1,0,3,4,2,62,79,41,41,8,15,49,5.95
Gray,Jon,109,109,24,4,40,45,0,705,686,382,369,111,243,619,4.71
Gray,Josiah,9,9,1,0,1,4,0,43,55,31,29,5,20,52,6.07
Gray,Sonny,206,206,63,9,91,74,0,1410,1206,728,672,177,523,1322,4.29
Green,Chad,188,0,0,0,8,22,38,281,197,118,115,39,93,326,3.68
Green,Sean,47,0,0,0,6,4,0,69,60,35,27,7,29,65,3.52
Greene,Shane,115,0,0,0,8,9,49,130,110,74,68,21,51,101,4.71
Gregerson,Luke,395,0,0,0,25,34,63,492,404,236,207,62,153,453,3.79
Gregg,Kevin,195,0,0,0,6,8,4,276,305,163,155,28,106,210,5.05
Greinke,Zack,461,461,202,30,216,160,0,3454,2846,1462,1384,371,1030,3041,3.61
Griffin,A. J.,62,62,27,5,27,28,0,472,437,209,188,44,117,357,3.58
Griffiths,Jeremy,8,0,0,0,0,0,0,9,19,12,11,2,7,7,11.00
Grilli,Jason,152,0,0,0,11,12,1,202,175,113,104,11,79,237,4.63
Grimm,Justin,44,0,0,0,2,2,0,46,21,19,17,0,22,42,3.33
Grimsley,Jason,7,0,0,0,0,1,0,10,11,12,12,3,8,6,10.80
Groom,Buddy,71,0,0,0,0,1,1,73,79,32,26,0,27,45,3.21
Gryboski,Kevin,40,0,0,0,1,2,0,50,45,30,28,7,24,32,5.04
Gsellman,Robert,43,0,0,0,2,4,1,97,83,36,35,6,27,76,3.25
Guardado,Eddie,183,0,0,0,3,15,47,208,141,105,80,20,72,173,3.46
Guerra,Deolis,37,0,0,0,1,3,0,43,30,23,23,8,10,36,4.81
Guerra,Javy,108,0,0,0,6,13,1,148,129,65,61,12,45,108,3.71
Guerra,Junior,101,45,10,1,20,27,0,380,343,181,175,53,155,293,4.14
Guerrero,Tayron,6,0,0,0,0,0,0,16,16,12,12,0,6,14,6.75
Guerrier,Matt,266,0,0,0,17,16,3,346,254,131,117,22,155,231,3.04
Guillorme,Luis,3,0,0,0,0,0,0,4,7,5,5,0,3,1,11.25
Gustave,Jandel,13,0,0,0,1,0,0,22,14,8,7,2,11,13,2.86
Guthrie,Jeremy,171,170,36,13,61,62,0,1092,1050,560,534,109,347,691,4.40
Guthrie,Mark,74,0,0,0,6,1,0,45,34,11,11,0,12,19,2.20
Gutierrez,J. C.,43,0,0,0,1,0,0,64,76,42,40,7,34,74,5.62
Gutiérrez,Vladimir,11,0,0,0,0,0,0,29,39,23,22,5,9,23,6.83
Guzman,Angel,36,0,0,0,0,2,0,59,44,18,18,3,23,45,2.75
Hader,Josh,209,0,0,0,15,18,57,262,169,112,101,15,96,394,3.47
Hagadone,Nick,12,0,0,0,0,0,0,20,29,19,19,2,4,20,8.55
Hahn,Jesse,73,16,4,1,11,9,1,166,164,85,75,15,64,130,4.07
Halama,John,50,0,0,0,0,0,2,64,68,29,27,10,26,35,3.80
Hale,David,73,12,1,1,8,10,10,150,157,98,85,12,48,115,5.10
Halladay,Roy,281,279,124,18,113,116,0,2146,1758,979,909,173,597,1805,3.81
Halsey,Brad,13,0,0,0,0,1,0,19,17,11,11,2,9,12,5.21
Hamels,Cole,414,413,159,19,183,150,0,2958,2620,1441,1307,229,929,2779,3.98
Hammel,Jason,210,169,41,7,54,87,0,1167,1168,663,610,151,383,984,4.70
Hammond,Chris,101,0,0,0,11,2,1,105,68,29,29,4,31,90,2.49
Hampson,Justin,54,0,0,0,7,6,1,63,46,26,21,8,17,43,3.00
Hampton,Mike,120,36,10,4,16,12,0,360,357,190,163,23,144,205,4.08
Hancock,Josh,28,0,0,0,1,2,0,53,54,27,24,6,19,29,4.08
Hand,Brad,245,0,0,0,20,12,79,333,190,96,89,32,112,367,2.41
Hanrahan,Joel,143,0,0,0,7,11,29,186,182,123,114,18,91,197,5.52
Hanson,Tommy,104,104,28,6,37,49,0,691,640,380,352,76,251,614,4.58
Happ,J. A.,248,247,89,14,89,118,0,1779,1666,885,815,214,582,1334,4.12
Harang,Aaron,266,259,70,13,95,113,0,1768,1779,978,904,212,548,1376,4.60
Harden,Rich,105,102,35,2,48,36,0,752,651,390,355,36,309,707,4.25
Hardy,Blaine,93,0,0,0,4,9,1,152,89,55,51,10,46,136,3.02
Haren,Dan,293,291,118,19,124,123,0,2158,1888,1046,959,120,637,1718,4.00
Harper,Ryne,21,0,0,0,0,2,0,27,34,26,24,4,7,27,8.00
Harper,Travis,125,0,0,0,3,4,2,105,88,43,42,10,30,85,3.60
Harrell,Lucas,28,28,4,2,8,15,0,169,167,99,95,19,62,131,5.06
Harris,Will,190,0,0,0,11,11,58,238,164,86,81,20,79,214,3.06
Harrison,Matt,80,76,17,7,34,26,0,518,433,244,225,62,190,348,3.91
Hart,Donnie,33,0,0,0,2,4,2,48,40,27,22,5,17,42,4.12
Harvey,Matt,89,71,31,7,35,22,1,569,479,254,235,63,163,582,3.72
Hasegawa,Shigetoshi,98,0,0,0,3,2,0,55,35,19,17,2,19,45,2.78
Hatch,Thomas,42,0,0,0,3,6,0,50,34,24,20,5,21,47,3.60
Hatcher,Chris,56,0,0,0,6,3,0,52,41,19,17,6,14,43,2.94
Hawkins,Latroy,380,0,0,0,24,16,41,399,318,164,151,37,94,320,3.41
Hawksworth,Blake,21,0,0,0,2,2,4,24,23,13,13,5,7,20,4.88
Heaney,Andrew,83,82,22,7,32,27,0,542,441,241,212,50,190,466,3.52
Hearn,Taylor,42,0,0,0,2,1,0,68,66,34,31,7,30,61,4.10
Heilman,Aaron,216,2,0,0,7,12,2,362,367,215,198,27,138,300,4.92
Hellickson,Jeremy,127,125,28,5,52,46,0,872,798,414,386,63,281,694,3.98
Helling,Rick,13,9,3,2,5,1,0,67,65,40,38,2,34,58,5.10
Helsley,Ryan,14,0,0,0,1,2,4,19,15,10,10,5,5,15,4.74
Hembree,Heath,80,0,0,0,6,9,1,118,103,59,56,12,37,124,4.27
Henderson,Jim,5,0,0,0,1,0,0,9,3,0,0,0,2,12,0.00
Hendricks,Kyle,222,222,85,20,115,68,0,1633,1325,683,635,186,418,1265,3.50
Hendrickson,Mark,98,87,17,7,28,22,0,541,544,318,285,38,209,370,4.74
Hendriks,Liam,201,0,0,0,12,12,105,254,137,63,56,21,62,325,1.98
Hennessey,Brad,25,0,0,0,1,1,0,50,39,21,21,5,15,27,3.78
Hensley,Clay,101,39,9,2,13,24,29,326,286,181,171,44,146,221,4.72
Hentgen,Pat,24,9,0,0,2,4,0,54,69,48,36,11,24,33,6.00
Hentges,Sam,3,3,0,0,0,1,0,11,15,10,9,0,10,11,7.36
Heredia,Felix,2,0,0,0,0,0,0,2,1,2,2,1,1,2,9.00
Herges,Matt,79,0,0,0,7,8,0,107,79,46,45,14,40,75,3.79
Hermanson,Dustin,98,0,0,0,8,3,2,116,98,59,53,9,40,83,4.11
Hernandez,David,191,17,11,0,12,32,31,394,402,243,223,56,168,317,5.09
Hernandez,Orlando,79,76,26,6,37,23,0,554,494,268,256,43,221,465,4.16
Hernandez,Roberto,92,92,28,2,38,43,0,622,612,357,332,77,226,399,4.80
Hernandez,Roberto,56,0,0,0,5,1,0,87,57,33,28,10,29,69,2.90
Hernandez,Runelvys,2,1,0,0,0,0,0,7,6,3,1,1,0,6,1.29
Hernández,Carlos,9,0,0,0,2,0,0,12,5,2,2,0,9,9,1.50
Hernández,Darwinzon,8,0,0,0,0,0,0,16,18,19,16,3,15,13,9.00
Hernández,Elieser,43,43,14,2,16,15,0,294,264,135,125,35,96,302,3.83
Hernández,Félix,370,368,136,21,174,130,0,2663,2232,1272,1188,335,901,2625,4.02
Hernández,Jonathan,67,0,0,0,3,4,1,90,69,38,38,18,13,87,3.80
Hernández,Liván,219,188,52,9,87,55,1,1252,1099,591,552,117,460,840,3.97
Herndon,David,37,0,0,0,4,1,2,58,38,16,13,6,17,44,2.02
Herrera,Danny,48,0,0,0,2,3,0,52,51,28,28,7,21,35,4.85
Herrera,Kelvin,186,1,0,0,11,16,63,269,182,95,81,15,83,290,2.71
Herrmann,Frank,17,0,0,0,2,0,0,29,25,14,14,5,5,18,4.34
Heston,Chris,29,29,8,2,13,7,0,199,195,98,87,26,58,157,3.93
Heuer,Codi,29,0,0,0,2,5,3,42,33,24,24,3,27,33,5.14
Hicks,Jordan,36,0,0,0,4,5,0,64,52,31,27,7,23,45,3.80
Hildenberger,Trevor,12,0,0,0,2,0,0,21,20,13,12,0,2,21,5.14
Hill,Rich,152,151,59,12,72,50,0,1135,923,536,485,134,388,1109,3.85
Hill,Shawn,15,15,5,2,7,6,0,110,94,47,42,14,23,85,3.44
Hill,Tim,67,0,0,0,4,5,15,87,71,46,43,15,33,79,4.45
Hinojosa,Dalier,14,0,0,0,4,0,6,19,6,1,0,0,9,13,0.00
Hinshaw,Alex,5,0,0,0,0,1,0,6,4,3,3,0,2,3,4.50
Hirano,Yoshihisa,36,0,0,0,5,3,1,51,21,12,12,5,12,38,2.12
Hochevar,Luke,133,42,3,0,19,23,0,390,398,229,221,26,140,311,5.10
Hoffman,Trevor,178,0,0,0,23,10,31,251,169,98,83,23,71,233,2.98
Holaday,Bryan,8,0,0,0,0,0,0,17,25,12,12,2,5,13,6.35
Holder,Jonathan,80,0,0,0,4,6,5,100,77,44,41,10,25,98,3.69
Holland,Derek,99,89,32,3,42,32,0,693,537,290,267,78,238,595,3.47
Holland,Greg,184,0,0,0,10,17,94,205,128,62,61,14,63,239,2.68
Holmes,Clay,55,0,0,0,6,3,2,64,48,30,29,9,26,65,4.08
Holt,Brock,3,0,0,0,0,1,0,4,5,2,2,1,1,2,4.50
Hoover,J. J.,61,0,0,0,5,9,0,85,57,32,28,3,44,68,2.96
Horgan,Joe,20,0,0,0,2,1,0,40,39,23,22,1,19,35,4.95
Horst,Jeremy,23,0,0,0,3,3,1,28,27,17,17,3,11,30,5.46
Houck,Tanner,23,21,11,3,8,9,0,153,97,61,59,7,69,182,3.47
House,T. J.,7,7,1,1,6,1,0,46,38,18,17,5,9,41,3.33
Houser,Adrian,43,43,15,1,14,19,0,293,288,184,180,55,111,266,5.53
Howard,Ben,12,6,0,0,1,3,0,25,36,30,28,3,16,18,10.08
Howard,Spencer,7,0,0,0,0,0,0,16,20,8,8,2,7,12,4.50
Howell,J. P.,280,28,5,1,27,29,40,454,371,210,201,48,186,457,3.98
Howry,Bob,219,0,0,0,15,17,50,283,196,97,87,21,85,240,2.77
Hoyt,James,50,0,0,0,2,2,3,79,71,42,37,17,23,84,4.22
Hudson,Dakota,51,51,15,2,15,26,0,377,325,229,216,33,160,293,5.16
Hudson,Daniel,168,49,23,8,30,23,30,529,428,208,184,44,171,465,3.13
Hudson,Luke,15,13,4,2,4,7,0,93,91,52,51,12,26,47,4.94
Hudson,Tim,375,343,106,18,127,142,0,2395,2073,1166,1061,183,801,1632,3.99
Huff,David,35,21,0,0,5,13,0,128,151,100,96,24,60,72,6.75
Hughes,Jared,247,0,0,0,14,21,9,355,237,147,140,41,139,274,3.55
Hughes,Phil,142,111,37,1,38,54,24,840,827,444,417,101,245,644,4.47
Humber,Philip,23,23,7,3,15,4,0,148,139,62,57,15,50,102,3.47
Hunter,Tommy,215,41,13,2,40,24,3,553,530,256,235,53,156,388,3.82
Hutchison,Drew,27,27,4,3,11,7,0,160,131,68,67,14,41,128,3.77
Iglesias,Raisel,232,4,0,0,27,13,33,389,251,126,112,14,111,378,2.59
Infante,Greg,24,0,0,0,1,2,1,31,27,17,14,7,11,27,4.06
Irvin,Cole,28,28,6,1,12,9,0,179,145,70,66,20,50,158,3.32
Ishii,Kazuhisa,56,44,21,3,12,23,0,284,296,189,178,23,140,191,5.64
Isringhausen,Jason,228,0,0,0,9,16,79,239,205,120,113,26,109,213,4.26
Iwakuma,Hisashi,131,131,62,8,58,50,0,980,797,408,385,90,282,776,3.54
Jackson,Edwin,245,205,43,6,71,93,3,1382,1337,780,726,142,542,1055,4.73
Jackson,Luke,83,0,0,0,5,8,20,88,61,42,37,5,35,94,3.78
Jackson,Steven,7,0,0,0,0,1,0,8,6,4,4,3,4,4,4.50
James,Chuck,46,46,9,5,17,18,0,272,301,171,157,53,97,212,5.19
James,Josh,13,0,0,0,0,0,0,22,23,20,19,2,12,28,7.77
Jansen,Kenley,483,1,1,0,31,38,105,593,376,195,175,45,223,688,2.66
Janssen,Casey,229,0,0,0,12,23,81,275,235,144,138,35,85,213,4.52
Javier,Cristian,63,27,6,1,14,12,0,227,229,143,141,33,100,230,5.59
Jeffress,Jeremy,168,0,0,0,14,9,46,213,144,84,80,17,82,168,3.38
Jenks,Bobby,234,1,0,0,12,16,87,278,234,135,124,28,91,269,4.01
Jennings,Dan,105,1,1,1,4,5,31,152,106,52,47,5,42,124,2.78
Jennings,Jason,86,69,8,2,22,32,0,406,469,294,279,60,152,275,6.18
Jepsen,Kevin,93,0,0,0,4,6,0,133,102,67,56,22,51,135,3.79
Jimenez,Cesar,16,0,0,0,0,1,0,24,20,12,11,5,10,13,4.12
Jimenez,Jose,8,0,0,0,0,0,0,14,19,13,13,0,5,7,8.36
Jiménez,Joe,88,0,0,0,1,2,0,120,142,92,86,22,45,113,6.45
Jiménez,Ubaldo,199,189,97,9,55,110,0,1437,1402,760,680,156,541,1124,4.26
Johnson,Brian,13,13,1,0,6,5,0,65,66,39,39,11,25,53,5.40
Johnson,Jason,82,53,7,1,19,23,0,327,360,197,183,32,122,220,5.04
Johnson,Jim,287,0,0,0,15,24,70,358,291,166,158,39,99,277,3.97
Johnson,Josh,132,132,53,14,55,53,0,968,776,452,419,112,355,890,3.90
Johnson,Pierce,37,0,0,0,5,1,1,57,48,30,30,8,22,69,4.74
Johnson,Randy,202,175,48,8,77,63,0,1268,1124,633,580,57,431,1177,4.12
Jones,Nate,89,0,0,0,6,8,32,116,54,21,21,8,25,144,1.63
Jones,Todd,119,0,0,0,11,6,36,136,96,40,36,4,33,110,2.38
Jordan,Taylor,9,9,2,1,6,1,0,66,47,18,15,4,21,44,2.05
Jungmann,Taylor,10,10,4,2,3,3,0,72,57,27,26,3,24,56,3.25
Junis,Jakob,67,59,11,1,14,38,0,410,474,281,259,60,135,323,5.69
Jurado,Ariel,18,18,4,2,4,8,0,85,109,52,51,8,27,74,5.40
Jurrjens,Jair,106,106,47,7,54,34,0,813,555,291,275,81,320,549,3.04
Kahnle,Tommy,109,0,0,0,4,9,40,117,91,56,52,19,44,126,4.00
Kaprielian,James,8,8,2,0,2,5,0,50,57,47,43,5,33,53,7.74
Karinchak,James,34,0,0,0,3,3,0,46,33,23,22,3,21,54,4.30
Karns,Nate,42,42,9,3,15,18,0,266,256,171,154,33,126,285,5.21
Karstens,Jeff,41,41,14,1,21,10,0,289,222,108,100,29,72,193,3.11
Kawakami,Kenshin,12,12,3,0,3,7,0,68,96,60,58,12,26,34,7.68
Kazmir,Scott,231,231,97,6,68,130,1,1692,1677,956,870,169,648,1385,4.63
Kela,Keone,119,0,0,0,9,8,7,135,90,45,43,18,58,157,2.87
Keller,Brad,85,81,20,3,41,22,0,532,439,280,259,75,213,409,4.38
Keller,Mitch,14,14,1,0,4,9,0,83,102,79,72,15,42,61,7.81
Kelley,Shawn,160,0,0,0,8,4,2,225,153,68,61,16,59,220,2.44
Kelly,Joe,179,40,12,2,18,28,1,448,404,240,218,41,173,361,4.38
Kelly,Merrill,72,72,10,3,37,23,0,460,417,220,206,62,134,363,4.03
Kendrick,Kyle,88,50,8,2,14,28,2,367,399,228,207,53,126,229,5.08
Kennedy,Ian,217,132,36,5,60,64,0,1040,914,530,480,69,339,919,4.15
Kennedy,Joe,64,27,6,3,10,18,1,229,228,141,132,7,92,181,5.19
Kershaw,Clayton,395,395,248,26,202,147,0,3284,2154,1219,1146,255,954,3304,3.14
Kershner,Jason,50,0,0,0,1,1,0,33,26,15,11,2,18,16,3.00
Keuchel,Dallas,167,166,90,11,66,73,0,1299,1032,590,539,156,432,1036,3.73
Kieschnick,Brooks,4,0,0,0,0,0,0,5,12,7,7,1,1,4,12.60
Kikuchi,Yusei,60,60,11,3,23,12,0,342,336,184,173,49,120,299,4.55
Kim,Byung-hyun,17,10,1,0,3,7,0,85,96,51,51,7,28,59,5.40
Kim,Kwang Hyun,40,40,15,1,18,14,0,300,213,123,116,31,110,212,3.48
Kimbrel,Craig,435,0,0,0,24,21,205,482,322,210,194,19,198,638,3.62
King,John,41,0,0,0,0,0,3,50,35,16,16,4,11,35,2.88
King,Ray,162,1,0,0,12,11,20,147,112,48,44,2,49,88,2.69
Kinley,Tyler,44,0,0,0,1,3,0,56,44,28,24,7,36,48,3.86
Kinney,Matt,26,2,0,0,0,1,0,35,57,40,40,2,20,26,10.29
Kintzler,Brandon,196,0,0,0,15,15,10,227,215,118,106,29,69,170,4.20
Kirkman,Michael,21,0,0,0,3,1,0,34,31,22,20,7,19,33,5.29
Kittredge,Andrew,77,0,0,0,3,11,30,98,83,52,49,18,27,102,4.50
Klein,Phil,9,0,0,0,0,1,0,12,6,2,1,0,3,11,0.75
Kline,Steve,44,0,0,0,2,2,1,61,45,23,22,5,22,48,3.25
Kluber,Corey,201,201,96,18,104,70,0,1535,1137,583,556,58,452,1597,3.26
Knebel,Corey,136,0,0,0,13,10,11,162,136,77,76,21,61,203,4.22
Knotts,Gary,29,17,5,1,2,7,0,107,152,77,71,9,49,55,5.97
Koch,Billy,20,0,0,0,0,0,0,22,34,24,24,4,12,12,9.82
Koch,Matt,8,8,1,0,3,3,0,44,44,25,23,6,11,29,4.70
Koehler,Tom,67,64,11,1,17,37,0,410,410,237,227,22,165,294,4.98
Kohn,Michael,29,0,0,0,2,7,0,39,29,20,18,0,22,39,4.15
Kolarek,Adam,110,0,0,0,4,2,25,118,86,44,36,8,34,85,2.75
Kolb,Danny,108,0,0,0,7,4,12,132,82,44,41,3,36,90,2.80
Kontos,George,174,0,0,0,18,14,6,228,153,73,69,19,65,186,2.72
Kopech,Michael,30,1,0,0,3,2,1,55,50,31,30,9,21,63,4.91
Koplove,Mike,137,0,0,0,5,5,5,162,159,93,83,18,52,123,4.61
Krol,Ian,42,0,0,0,1,2,11,53,43,20,19,0,14,49,3.23
Kuhl,Chad,77,77,16,3,24,41,0,478,477,306,278,71,231,447,5.23
Kuo,Hung-chih,32,3,2,1,6,3,8,75,65,33,32,5,32,92,3.84
Kuroda,Hiroki,202,202,64,16,109,57,0,1409,1225,600,564,130,396,1049,3.60
Lackey,John,328,323,118,25,147,113,1,2368,2118,1095,1006,191,729,1813,3.82
Laffey,Aaron,26,24,4,0,5,13,0,152,174,100,87,10,67,88,5.15
Lakins,Travis,21,0,0,0,1,2,0,27,31,20,19,6,13,26,6.33
Lamet,Dinelson,57,53,29,5,27,17,0,398,308,188,166,37,139,428,3.75
Lange,Alex,7,0,0,0,0,1,0,16,17,13,13,3,6,7,7.31
Lannan,John,91,91,25,5,27,45,1,611,682,397,372,82,234,330,5.48
Latos,Mat,155,154,54,12,65,62,1,1130,956,531,486,86,359,912,3.87
Lauer,Eric,39,39,10,2,16,10,0,270,218,128,121,40,98,243,4.03
Law,Derek,44,0,0,0,7,2,0,46,27,12,12,2,8,59,2.35
Lawrence,Brian,86,59,13,6,27,21,0,375,378,205,188,33,120,239,4.51
Layne,Tommy,10,0,0,0,1,3,2,15,8,5,4,0,7,14,2.40
League,Brandon,168,0,0,0,7,18,50,216,208,112,99,22,72,192,4.12
Leake,Mike,256,256,80,14,104,94,0,1701,1646,867,793,134,459,1219,4.20
Leblanc,Wade,62,51,12,3,21,17,0,356,342,188,164,33,140,236,4.15
Leclerc,José,65,2,0,0,7,2,0,79,58,35,33,11,34,103,3.76
Lecure,Sam,116,0,0,0,5,8,1,155,126,52,51,17,42,148,2.96
Ledezma,Wil,12,11,2,1,3,7,0,58,77,50,42,2,25,40,6.52
Lee,Cliff,278,261,123,18,115,105,1,2021,1647,906,820,206,581,1679,3.65
Lehr,Justin,10,10,1,0,3,4,0,65,56,24,22,7,24,39,3.05
Leicester,Jon,9,0,0,0,0,0,0,18,13,6,5,0,4,11,2.50
Leiter,Al,66,41,7,2,15,20,0,254,254,172,164,27,148,182,5.81
Leiter,Mark,1,0,0,0,0,0,0,2,4,2,2,1,2,3,9.00
Leone,Dominic,122,1,0,0,7,14,47,143,116,75,61,12,45,159,3.84
Leskanic,Curt,28,0,0,0,0,3,5,16,15,10,10,1,10,15,5.62
Lester,Jon,398,398,189,33,208,132,0,2944,2365,1331,1235,152,1031,2629,3.78
Levine,Al,28,0,0,0,1,3,0,37,46,27,26,2,14,25,6.32
Lewis,Colby,121,120,37,8,56,38,0,793,770,381,344,77,247,628,3.90
Lewis,Jensen,67,0,0,0,5,5,0,93,86,48,43,10,34,77,4.16
Lidge,Brad,280,2,0,0,20,24,71,308,226,143,131,24,117,314,3.83
Lidle,Cory,93,92,25,1,29,43,0,631,741,407,377,69,204,425,5.38
Lieber,Jon,95,95,29,2,34,34,0,655,761,391,369,27,126,458,5.07
Ligtenberg,Kerry,54,0,0,0,1,1,1,36,19,8,7,3,11,34,1.75
Lilly,Ted,214,197,40,2,61,94,0,1275,1377,775,714,170,475,1097,5.04
Lima,Jose,45,34,7,1,15,10,0,204,199,114,104,19,68,115,4.59
Lincecum,Tim,231,231,119,28,106,86,0,1714,1460,826,755,193,643,1690,3.96
Lincoln,Brad,43,0,0,0,1,2,1,76,63,36,29,7,31,61,3.43
Lincoln,Mike,2,0,0,0,0,0,0,1,1,1,1,0,2,1,9.00
Lindblom,Josh,53,2,0,0,1,1,0,77,59,41,27,8,38,61,3.16
Lindstrom,Matt,139,0,0,0,5,7,1,186,157,78,69,16,48,129,3.34
Linebrink,Scott,265,0,0,0,33,10,59,390,280,140,123,33,132,333,2.84
Liriano,Francisco,169,156,63,9,76,64,0,1159,1000,570,509,66,440,1048,3.95
Litsch,Jesse,32,32,8,2,20,8,0,245,206,102,92,9,69,166,3.38
Littell,Zack,59,0,0,0,4,5,22,84,63,36,35,16,32,74,3.75
Littleton,Wes,56,0,0,0,8,6,1,91,80,48,44,10,37,53,4.35
Lively,Ben,16,16,0,0,6,3,0,96,99,46,46,9,33,74,4.31
Loáisiga,Jonathan,65,8,2,0,6,12,27,116,102,64,57,19,27,109,4.42
Loaiza,Esteban,126,93,25,6,44,39,0,679,618,290,253,80,218,566,3.35
Lobstein,Kyle,1,0,0,0,0,0,0,1,1,0,0,0,0,1,0.00
Locke,Jeff,69,66,37,1,19,45,0,537,600,331,288,55,137,308,4.83
Loe,Kameron,92,8,2,0,12,11,2,183,158,95,88,16,45,104,4.33
Logan,Boone,79,0,0,0,6,8,2,110,84,40,39,14,43,114,3.19
Lohse,Kyle,261,236,108,24,112,77,0,1775,1574,790,743,172,511,1178,3.77
Looper,Braden,235,73,18,3,34,36,2,692,649,363,330,76,223,489,4.29
Lopez,Aquilino,120,0,0,0,0,3,1,112,99,47,43,9,32,81,3.46
Lopez,Rodrigo,108,86,18,3,37,28,0,549,594,312,282,21,198,390,4.62
Lopez,Wilton,89,0,0,0,9,9,19,143,115,44,41,11,23,108,2.58
López,Javier,182,0,0,0,15,13,5,238,178,114,104,17,94,183,3.93
López,Jorge,17,17,1,0,2,5,0,73,96,53,46,4,26,60,5.67
López,Pablo,71,68,25,1,23,27,0,491,498,293,273,67,161,453,5.00
López,Reynaldo,81,36,6,2,18,17,0,286,282,171,141,48,103,234,4.44
López,Yoan,19,0,0,0,0,2,0,25,27,20,17,5,8,21,6.12
Lorenzen,Michael,136,3,1,0,13,5,1,196,146,81,70,23,55,171,3.21
Loup,Aaron,167,0,0,0,13,9,30,213,153,75,71,20,85,174,3.00
Lowe,Derek,251,226,80,14,101,84,0,1597,1450,759,673,105,556,956,3.79
Lowe,Mark,124,0,0,0,7,6,3,173,163,87,79,17,65,148,4.11
Lowry,Noah,95,95,33,3,33,45,0,668,624,363,336,56,270,433,4.53
Lucchesi,Joey,55,55,11,0,20,21,0,363,353,217,192,50,157,359,4.76
Ludwick,Ryan,8,0,0,0,0,0,0,16,15,9,8,0,7,6,4.50
Luebke,Cory,20,17,3,1,5,10,0,107,101,60,48,6,35,121,4.04
Luetge,Lucas,70,0,0,0,3,4,4,93,85,48,43,10,26,71,4.16
Lugo,Ruddy,25,1,0,0,0,4,0,34,41,20,19,4,20,29,5.03
Lugo,Seth,174,23,5,1,20,18,20,355,374,196,183,35,115,302,4.64
Luzardo,Jesús,14,5,1,0,1,2,0,32,35,21,19,0,9,46,5.34
Lyles,Jordan,72,72,19,2,29,28,0,458,462,258,234,57,158,381,4.60
Lynch,Daniel,2,0,0,0,0,0,0,6,8,5,5,0,1,3,7.50
Lynn,Lance,264,249,89,16,106,92,0,1850,1574,816,769,228,598,1686,3.74
Lyon,Brandon,228,2,0,0,18,12,11,288,226,113,102,20,83,234,3.19
Lyons,Tyler,59,8,1,0,6,6,1,126,101,70,60,12,48,128,4.29
Macdougal,Mike,108,0,0,0,11,9,6,154,117,69,64,4,67,131,3.74
Machado,Andrés,32,0,0,0,0,0,0,27,14,6,6,2,8,28,2.00
Machi,Jean,99,0,0,0,3,8,2,115,72,47,43,16,35,124,3.37
Maddux,Greg,212,175,52,7,67,73,0,1165,1182,644,614,143,273,756,4.74
Madritsch,Bobby,16,10,3,1,6,3,0,82,63,36,27,10,20,58,2.96
Madson,Ryan,454,0,0,0,36,32,77,594,476,257,231,58,198,509,3.50
Maeda,Kenta,140,122,30,4,44,45,0,786,715,437,398,108,258,762,4.56
Magill,Matt,14,0,0,0,1,0,0,25,25,15,15,1,13,27,5.40
Mahay,Ron,239,0,0,0,27,7,3,249,161,63,53,12,88,204,1.92
Mahle,Tyler,68,68,19,1,16,36,0,442,433,262,254,68,188,455,5.17
Maholm,Paul,176,127,26,8,39,56,0,831,823,461,432,61,318,518,4.68
Maine,John,67,66,9,0,18,29,0,434,470,293,264,41,178,349,5.47
Majewski,Gary,35,0,0,0,2,0,0,52,50,44,36,8,28,32,6.23
Malaska,Mark,18,0,0,0,1,0,0,17,13,0,0,0,9,17,0.00
Manaea,Sean,84,82,15,2,36,30,0,565,507,279,249,25,189,472,3.97
Maness,Seth,81,0,0,0,2,9,35,104,76,40,37,8,26,65,3.20
Manning,Matt,5,5,0,0,2,3,0,26,25,17,17,4,8,24,5.88
Manoah,Alek,20,20,6,1,6,9,0,143,125,64,59,19,56,169,3.71
Manship,Jeff,61,0,0,0,6,4,29,73,48,27,24,4,36,56,2.96
Mantei,Matt,32,0,0,0,2,6,1,37,29,15,14,3,13,35,3.41
Mantiply,Joe,14,0,0,0,0,0,1,12,7,4,2,2,4,9,1.50
Marcum,Shaun,114,114,37,6,48,42,0,802,714,382,358,90,278,595,4.02
Margevicius,Nick,16,16,6,0,7,5,0,105,112,65,61,12,33,88,5.23
Mariñez,Jhan,64,0,0,0,2,3,0,96,81,53,51,8,38,76,4.78
Marmol,Carlos,191,0,0,0,11,12,3,270,159,95,91,26,115,277,3.03
Maroth,Mike,28,28,11,4,14,10,0,192,160,94,91,10,67,114,4.27
Márquez,Germán,158,158,30,10,60,63,0,974,1003,586,545,144,333,946,5.04
Marquis,Jason,143,143,32,4,51,61,0,965,917,511,466,82,354,621,4.35
Marshall,Evan,133,0,0,0,7,14,1,140,114,77,71,26,54,127,4.56
Marshall,Sean,176,32,4,1,18,27,2,407,428,239,224,56,146,358,4.95
Marte,Damaso,220,0,0,0,14,16,2,233,172,121,105,12,102,222,4.06
Martin,Brett,59,0,0,0,6,6,1,77,57,27,27,9,23,58,3.16
Martin,Chris,142,0,0,0,3,10,1,159,123,60,57,16,41,155,3.23
Martin,J. D.,15,15,4,0,6,6,0,95,99,62,60,9,30,53,5.68
Martin,Tom,31,0,0,0,1,0,0,35,30,16,13,3,17,26,3.34
Martinez,Carlos,144,108,32,3,44,56,5,842,692,429,391,32,314,783,4.18
Martinez,Cristhian,66,0,0,0,1,1,0,99,100,56,54,12,34,82,4.91
Martinez,Nick,49,49,11,1,19,21,0,309,336,176,167,36,109,252,4.86
Martinez,Pedro,153,123,60,12,82,24,0,956,704,361,311,67,300,989,2.93
Martis,Shairon,10,10,7,0,5,4,0,86,85,37,37,12,38,54,3.87
Masset,Nick,91,1,0,0,6,10,1,135,109,60,53,15,63,121,3.53
Masterson,Justin,75,71,19,2,29,25,0,494,428,254,230,45,229,390,4.19
Mateo,Julio,90,0,0,0,6,3,2,96,86,48,44,14,27,75,4.12
Mathis,Doug,17,0,0,0,0,0,0,33,43,27,27,6,9,18,7.36
Maton,Phil,11,0,0,0,1,0,0,22,19,10,10,4,11,27,4.09
Matsuzaka,Daisuke,79,79,27,5,27,33,0,525,447,254,242,63,227,482,4.15
Mattheus,Ryan,52,0,0,0,5,5,0,73,63,42,32,12,26,33,3.95
Matthews,Mike,20,0,0,0,0,0,0,14,10,9,2,2,9,7,1.29
Matusz,Brian,104,45,23,0,14,33,1,413,439,248,225,38,139,321,4.90
Matz,Steven,142,142,34,6,54,61,0,929,904,493,468,60,288,868,4.53
Matzek,Tyler,92,1,1,0,6,9,2,118,67,45,41,7,49,139,3.13
Maurer,Brandon,60,0,0,0,2,3,0,96,81,46,45,12,29,95,4.22
May,Darrell,76,53,13,1,16,14,0,302,269,157,145,38,121,179,4.32
May,Dustin,26,26,11,0,15,9,0,191,158,88,82,19,61,139,3.86
May,Trevor,62,16,1,0,5,14,1,165,168,87,78,21,40,153,4.25
Mayers,Mike,81,0,0,0,5,3,16,109,75,46,43,18,26,117,3.55
Mayza,Tim,52,0,0,0,4,5,1,57,50,41,37,10,18,67,5.84
Mazzaro,Vin,51,1,1,0,3,4,0,68,58,25,24,1,13,45,3.18
Mcallister,Zach,96,13,3,0,16,9,0,211,175,99,84,24,69,193,3.58
Mcbride,Macay,50,0,0,0,2,0,0,29,21,3,3,1,18,24,0.93
Mccarthy,Brandon,85,69,18,7,25,29,0,493,502,243,209,44,145,398,3.82
Mccarthy,Kevin,45,0,0,0,4,1,1,48,48,31,30,7,15,33,5.62
Mcclanahan,Shane,25,25,1,0,7,11,0,163,149,101,97,12,60,175,5.36
Mcclellan,Kyle,93,15,0,0,6,17,5,204,186,105,101,25,67,139,4.46
Mcclung,Seth,20,0,0,0,0,1,0,35,41,32,30,8,8,26,7.71
Mccullers,Lance,130,130,32,10,42,56,0,797,679,427,383,94,351,817,4.32
Mccutchen,Daniel,18,0,0,0,0,2,0,26,20,9,9,0,8,13,3.12
Mcdonald,James,64,29,5,0,8,15,0,225,248,143,137,24,95,199,5.48
Mcfarland,T. J.,107,0,0,0,7,6,2,131,94,56,49,20,30,68,3.37
Mcgee,Jake,259,0,0,0,10,28,39,335,285,166,154,44,115,363,4.14
Mcgowan,Dustin,95,28,5,0,11,18,0,288,274,168,151,32,111,268,4.72
Mchugh,Collin,197,91,21,3,43,43,28,810,672,372,346,79,260,705,3.84
Mckenzie,Triston,9,9,2,1,2,4,0,61,71,47,45,4,22,64,6.64
Meadows,Brian,44,1,1,1,2,2,2,58,49,23,22,4,14,37,3.41
Means,John,81,81,29,6,36,26,0,549,453,252,237,70,150,474,3.89
Meche,Gil,213,175,44,10,68,64,0,1146,1184,658,590,77,464,807,4.63
Mecir,Jim,37,0,0,0,4,2,0,64,70,49,49,13,41,58,6.89
Medders,Brandon,70,0,0,0,7,9,0,94,81,44,41,8,43,67,3.93
Medina,Yoervis,82,0,0,0,5,7,4,99,59,36,34,6,44,108,3.09
Medlen,Kris,105,46,16,6,27,16,25,426,351,192,173,46,122,389,3.65
Meek,Evan,72,0,0,0,5,1,1,101,62,32,30,9,39,104,2.67
Megill,Tylor,18,18,4,3,5,10,0,101,108,78,68,14,58,96,6.06
Mejia,Jenrry,47,0,0,0,4,1,0,77,51,23,23,7,21,66,2.69
Mejía,Adalberto,21,21,1,1,10,5,0,120,91,50,48,14,48,125,3.60
Melancon,Mark,343,0,0,0,31,21,88,453,294,156,144,45,109,394,2.86
Mella,Keury,15,0,0,0,2,0,0,30,13,6,6,0,8,30,1.80
Mendez,Roman,22,0,0,0,3,1,0,24,16,6,6,2,12,10,2.25
Mendoza,Luis,12,12,4,0,2,9,0,88,97,58,55,5,50,64,5.62
Mendoza,Ramiro,35,6,2,0,1,5,0,56,79,35,33,2,16,30,5.30
Mengden,Daniel,1,1,0,0,0,0,0,6,9,3,2,1,1,3,3.00
Mercker,Kent,45,0,0,0,2,4,11,49,38,25,18,4,24,53,3.31
Meredith,Cla,81,0,0,0,3,5,36,101,79,43,37,7,23,72,3.30
Mesa,Jose,38,0,0,0,2,1,2,57,55,31,29,6,26,47,4.58
Messenger,Randy,37,0,0,0,2,3,0,44,34,17,17,4,11,24,3.48
Meyer,Dan,27,0,0,0,1,0,0,49,35,17,16,3,21,35,2.94
Miceli,Dan,110,0,0,0,6,6,2,116,91,48,47,11,47,95,3.65
Middleton,Keynan,28,0,0,0,0,1,0,39,43,29,29,9,11,49,6.69
Mijares,Jose,99,0,0,0,8,10,1,127,101,64,60,11,54,129,4.25
Mikolas,Miles,63,63,18,0,23,28,0,464,414,217,195,52,124,321,3.78
Miley,Wade,187,187,56,11,63,89,0,1261,1133,700,650,154,446,936,4.64
Miller,Andrew,217,41,24,0,25,47,5,528,474,285,271,65,223,436,4.62
Miller,Jim,29,0,0,0,1,1,11,31,18,11,9,3,14,23,2.61
Miller,Justin,133,0,0,0,11,10,3,170,164,88,82,18,68,131,4.34
Miller,Matt,29,0,0,0,4,2,1,54,32,27,24,7,22,48,4.00
Miller,Shelby,110,110,31,3,27,58,0,764,764,425,405,84,283,593,4.77
Miller,Trever,132,1,1,0,12,4,24,159,120,53,46,11,50,138,2.60
Miller,Wade,79,46,21,1,16,21,0,336,367,213,193,42,135,231,5.17
Mills,Alec,40,35,5,1,12,14,0,227,212,116,111,26,104,183,4.40
Millwood,Kevin,176,143,38,7,60,58,0,953,924,512,474,42,341,715,4.48
Milner,Hoby,16,0,0,0,3,4,2,27,20,11,11,0,6,21,3.67
Milone,Tommy,95,56,18,1,29,21,0,493,442,218,204,42,141,367,3.72
Milton,Eric,15,15,2,1,2,9,0,87,115,75,68,5,40,59,7.03
Minaya,Juan,30,0,0,0,3,2,1,47,28,18,18,1,19,38,3.45
Miner,Zach,56,16,5,1,10,11,0,177,169,87,79,15,51,105,4.02
Minor,Mike,199,160,57,8,61,69,4,1175,1103,601,551,160,368,1055,4.22
Minter,A. J.,123,0,0,0,6,9,19,157,139,73,69,27,55,129,3.96
Miranda,Aríel,10,10,0,0,5,3,0,55,46,22,19,3,17,45,3.11
Misiewicz,Anthony,22,0,0,0,1,1,0,32,49,40,35,9,11,26,9.84
Mitre,Sergio,31,27,6,1,6,19,0,174,240,135,123,26,56,121,6.36
Mize,Casey,37,37,6,1,11,16,0,226,250,155,130,36,82,184,5.18
Mock,Garrett,4,4,0,0,0,4,0,18,29,26,26,0,6,15,13.00
Moehler,Brian,6,6,1,0,1,2,0,29,41,25,24,0,8,28,7.45
Montas,Frankie,58,58,12,4,22,20,0,390,341,195,183,65,143,377,4.22
Montero,Rafael,33,9,3,0,5,5,0,93,79,43,38,18,21,79,3.68
Montgomery,Jordan,68,68,7,3,20,29,0,401,489,278,267,64,117,356,5.99
Montgomery,Mike,132,19,2,0,19,17,1,298,246,140,129,44,89,219,3.90
Moore,Andrew,9,9,1,0,2,3,0,45,63,45,38,8,19,24,7.60
Moore,Matt,68,68,19,2,18,29,0,469,373,226,213,22,169,465,4.09
Morales,Franklin,90,8,1,1,9,6,1,178,149,79,70,20,70,169,3.54
Morejón,Adrián,32,32,6,3,10,16,0,182,212,119,108,25,70,215,5.34
Moreno,Orber,13,0,0,0,1,1,0,14,15,11,11,3,4,11,7.07
Morgan,Adam,4,0,0,0,0,0,0,3,4,4,4,0,2,4,12.00
Morgan,Eli,1,1,0,0,1,0,0,6,8,3,2,1,0,5,3.00
Morin,Mike,24,0,0,0,1,0,0,27,15,2,2,0,4,20,0.67
Moronta,Reyes,63,0,0,0,4,4,1,78,54,40,38,4,34,89,4.38
Morris,Bryan,107,0,0,0,7,9,16,131,106,48,48,9,38,92,3.30
Morris,Matt,106,81,22,11,40,18,1,527,477,235,214,50,167,339,3.65
Morrow,Brandon,151,66,12,3,27,36,24,500,487,270,243,40,178,491,4.37
Morton,Charlie,236,229,44,7,86,87,0,1502,1406,804,763,222,531,1423,4.57
Moseley,Dustin,33,33,6,1,10,15,0,206,247,143,131,33,82,130,5.72
Moss,Damian,40,20,17,1,2,17,0,166,206,101,100,26,95,84,5.42
Mota,Guillermo,179,0,0,0,6,14,1,197,141,92,73,10,67,153,3.34
Motte,Jason,164,0,0,0,11,15,61,175,113,72,60,20,59,198,3.09
Moyer,Jamie,161,129,37,6,44,60,0,876,878,501,458,82,309,553,4.71
Moylan,Peter,148,1,0,0,16,12,21,208,131,69,65,12,76,165,2.81
Mujica,Edward,175,0,0,0,8,9,16,260,260,113,104,21,51,242,3.60
Mulder,Mark,114,89,24,3,36,20,0,579,544,319,291,16,191,408,4.52
Mulholland,Terry,10,0,0,0,0,1,0,29,21,5,5,3,9,19,1.55
Muñoz,Andrés,1,0,0,0,0,0,0,2,2,1,1,0,4,2,4.50
Munro,Peter,14,0,0,0,0,0,0,13,22,16,14,2,6,4,9.69
Munter,Scott,26,0,0,0,2,2,0,30,14,7,5,1,6,16,1.50
Musgrove,Joe,127,114,50,4,51,41,0,842,785,473,441,140,302,820,4.71
Mussina,Mike,181,153,61,11,76,55,0,1135,1030,542,500,119,325,903,3.96
Myers,Brett,227,128,48,7,61,55,0,1004,950,526,473,103,350,797,4.24
Myers,Mike,34,1,0,0,2,1,1,42,25,17,14,5,19,28,3.00
Narveson,Chris,50,50,7,2,16,24,0,299,297,169,153,33,111,225,4.61
Nathan,Joe,486,1,0,0,44,16,143,534,308,155,141,33,170,580,2.38
Neal,Zach,28,0,0,0,1,0,0,52,61,28,28,1,7,26,4.85
Nelson,Jeff,78,0,0,0,4,0,1,49,44,17,17,2,20,50,3.12
Nelson,Jimmy,60,60,29,6,30,24,0,455,435,234,219,50,138,352,4.33
Nelson,Joe,48,0,0,0,4,4,3,53,25,14,12,3,16,56,2.04
Neris,Hector,208,0,0,0,18,14,2,273,210,129,121,33,113,290,3.99
Neshek,Pat,242,0,0,0,19,10,38,308,189,89,83,25,66,285,2.43
Neu,Michael,58,0,0,0,1,2,0,56,35,18,18,2,12,22,2.89
Newberry,Jake,4,0,0,0,0,0,0,12,10,7,7,3,2,12,5.25
Newcomb,Sean,53,21,9,0,7,18,0,210,219,155,144,20,102,202,6.17
Ni,Fu-te,5,0,0,0,0,0,0,8,8,4,4,2,0,3,4.50
Nicasio,Juan,73,12,1,1,5,5,0,175,184,103,91,9,51,161,4.68
Nicolino,Justin,11,11,3,0,3,4,0,74,106,63,54,15,30,57,6.57
Niemann,Jeff,53,53,16,3,21,16,0,351,335,175,170,34,128,271,4.36
Niese,Jonathon,167,166,44,6,63,66,2,1120,1125,589,547,128,324,810,4.40
Nieve,Fernando,28,0,0,0,1,3,0,46,61,29,26,4,21,37,5.09
Nippert,Dustin,9,9,2,0,3,3,0,48,50,32,29,3,26,50,5.44
Nola,Aaron,142,142,56,8,59,56,0,1081,829,471,436,59,360,1102,3.63
Nolasco,Ricky,151,149,33,7,55,68,0,1046,1086,602,560,64,320,929,4.82
Nomo,Hideo,50,25,6,2,12,10,0,176,141,86,78,9,65,121,3.99
Norberto,Jordan,48,0,0,0,2,6,0,62,48,39,36,5,25,72,5.23
Norris,Bud,212,123,53,2,27,95,9,991,1180,634,590,116,369,689,5.36
Norris,Daniel,64,29,2,0,12,12,1,208,242,159,154,37,76,193,6.66
Norton,Greg,2,1,0,0,1,0,0,7,3,3,3,0,7,0,3.86
Nova,Iván,188,188,43,7,72,73,0,1230,1181,671,646,95,387,896,4.73
Nuño,Vidal,42,10,4,1,7,3,0,106,97,51,48,3,34,83,4.08
Ober,Bailey,20,20,3,0,12,6,0,104,102,58,56,17,22,99,4.85
Oberg,Scott,78,0,0,0,2,7,33,77,62,40,38,11,26,77,4.44
Oberholtzer,Brett,8,9,4,2,3,6,0,65,56,29,28,5,21,44,3.88
O'day,Darren,382,0,0,0,35,31,79,436,278,140,135,18,153,458,2.79
Odorizzi,Jake,125,121,30,4,47,44,0,857,713,423,385,76,326,751,4.04
O'flaherty,Eric,174,0,0,0,16,7,35,197,132,59,53,21,52,168,2.42
Ogando,Alexi,100,45,18,5,20,25,15,397,311,163,146,26,118,318,3.31
Oh,Seunghwan,96,0,0,0,4,5,45,125,99,52,50,1,37,159,3.60
Ohka,Tomo,100,67,20,3,33,25,1,448,431,237,210,24,145,244,4.22
Ohlendorf,Ross,28,27,5,3,7,10,0,168,152,76,67,14,56,127,3.59
Ohman,Will,22,0,0,0,3,1,0,32,9,7,7,0,22,28,1.97
Ohtani,Shohei,34,34,8,1,13,14,0,248,216,136,132,5,92,220,4.79
Okajima,Hideki,104,0,0,0,8,10,10,142,73,55,51,11,52,131,3.23
Okert,Steven,13,0,0,0,0,0,0,12,12,4,4,1,5,14,3.00
Oliver,Darren,253,27,3,0,16,29,31,462,389,234,209,34,154,350,4.07
Olsen,Scott,97,97,22,0,26,59,0,638,796,513,454,112,258,502,6.40
Ondrusek,Logan,32,0,0,0,0,0,1,50,34,23,22,7,19,29,3.96
Ortiz,Ramon,98,66,14,3,24,27,0,434,493,275,252,31,146,262,5.23
Ortiz,Russ,68,34,2,0,9,12,0,195,184,126,103,5,96,140,4.75
Orvella,Chad,18,0,0,0,2,1,0,41,35,20,18,1,18,33,3.95
Osich,Josh,49,0,0,0,4,2,0,57,60,38,37,9,16,53,5.84
Osoria,Franquelis,9,0,0,0,0,0,0,21,38,18,17,2,6,11,7.29
Osuna,Antonio,48,0,0,0,0,0,0,47,50,30,28,2,19,37,5.36
Osuna,Roberto,234,0,0,0,21,21,92,270,174,97,92,32,69,284,3.07
Oswalt,Roy,261,260,96,16,101,106,0,1942,1675,894,835,168,591,1473,3.87
Otero,Dan,144,0,0,0,13,9,50,204,157,83,77,9,37,172,3.40
Otsuka,Akinori,156,0,0,0,10,8,68,176,114,71,66,14,48,152,3.38
Ottavino,Adam,207,0,0,0,9,10,3,259,189,85,76,11,93,269,2.64
Outman,Josh,5,5,2,0,2,3,0,33,41,22,22,1,12,30,6.00
Oviedo,Johan,24,0,0,0,0,0,0,49,77,32,32,11,17,53,5.88
Oviedo,Juan Carlos,64,0,0,0,8,1,0,92,83,44,38,9,27,74,3.72
Owens,Henry,19,0,0,0,1,0,0,21,13,5,5,2,6,14,2.14
Owings,Micah,63,25,6,0,11,16,1,238,227,135,113,26,79,147,4.27
Paddack,Chris,80,80,26,1,27,37,0,558,597,315,298,68,195,516,4.81
Padilla,Juan,28,0,0,0,1,5,15,32,23,20,19,0,16,21,5.34
Padilla,Vicente,178,140,44,9,50,57,0,995,922,547,502,116,416,718,4.54
Pagán,Emilio,173,0,0,0,10,15,7,192,166,100,92,39,54,189,4.31
Palmer,Matt,13,13,1,0,4,6,0,89,83,63,57,13,54,57,5.76
Pannone,Thomas,6,6,1,1,5,1,0,33,27,16,16,4,8,32,4.36
Papelbon,Jonathan,570,0,0,0,41,34,189,637,384,173,166,59,184,705,2.35
Paredes,Enoli,18,0,0,0,1,3,2,22,17,11,11,2,13,17,4.50
Park,Chan Ho,139,24,4,1,22,21,1,325,276,162,150,29,106,229,4.15
Parker,Blake,112,0,0,0,8,7,40,174,138,83,80,17,46,181,4.14
Parker,Jarrod,43,42,11,1,14,17,0,283,252,128,118,33,98,233,3.75
Parnell,Bobby,145,0,0,0,11,12,0,215,168,99,95,8,78,198,3.98
Paronto,Chad,43,0,0,0,4,2,0,68,60,41,32,11,34,54,4.24
Parra,Gerardo,3,0,0,0,0,0,0,10,9,8,8,4,11,5,7.20
Parra,Manny,67,29,6,1,17,10,0,221,243,144,136,24,75,203,5.54
Parrish,John,10,0,0,0,0,3,0,16,21,12,11,3,9,13,6.19
Patterson,Danny,3,0,0,0,0,0,0,5,4,1,1,1,0,2,1.80
Patterson,John,60,39,20,4,23,14,0,347,280,122,112,23,105,313,2.90
Patton,Troy,40,0,0,0,1,4,23,46,28,17,17,6,13,50,3.33
Pauley,David,46,10,1,1,3,4,0,108,104,56,53,11,32,68,4.42
Paulino,Felipe,30,30,16,0,2,26,0,227,258,150,140,23,85,180,5.55
Pavano,Carl,191,133,57,8,55,56,0,1048,1011,548,521,32,300,716,4.47
Paxton,James,109,109,28,4,46,34,0,762,648,369,341,102,242,820,4.03
Payamps,Joel,36,0,0,0,2,4,0,38,31,19,17,5,12,29,4.03
Pazos,James,69,0,0,0,3,4,0,102,57,42,42,11,31,67,3.71
Peacock,Brad,90,50,12,1,19,24,1,386,320,218,201,53,190,380,4.69
Peavy,Jake,351,319,103,16,161,88,0,2296,1916,1046,956,253,738,2171,3.75
Pelfrey,Mike,66,66,20,1,28,20,0,452,371,210,195,25,156,307,3.88
Pena,Tony,115,0,0,0,4,3,1,202,197,97,86,22,58,142,3.83
Peña,Félix,17,17,3,1,6,8,0,107,98,55,54,12,29,99,4.54
Penny,Brad,197,163,65,10,89,48,1,1192,1057,552,505,95,346,775,3.81
Peralta,Freddy,86,53,12,1,23,17,0,424,398,255,241,56,187,483,5.12
Peralta,Joel,141,0,0,0,10,11,3,261,218,112,103,35,75,220,3.55
Peralta,Wandy,52,0,0,0,4,1,4,79,60,37,34,14,32,56,3.87
Peralta,Wily,80,79,30,7,31,35,0,557,526,272,259,68,180,362,4.18
Percival,Troy,145,0,0,0,9,8,3,111,85,45,43,13,40,94,3.49
Perdomo,Luis,59,41,8,4,14,19,0,302,301,152,140,41,100,214,4.17
Perez,Chris,163,0,0,0,17,9,3,189,139,87,84,21,84,186,4.00
Perez,Luis,26,0,0,0,3,3,0,40,44,22,22,4,16,35,4.95
Perez,Odalis,127,100,32,5,46,37,0,702,676,389,360,49,228,491,4.62
Perez,Rafael,80,0,0,0,8,11,15,121,91,41,41,6,32,111,3.05
Pérez,Martín,134,132,18,5,46,54,0,810,846,471,437,114,292,623,4.86
Pérez,Oliver,254,86,21,7,55,33,26,819,679,388,356,73,327,825,3.91
Pérez,Williams,15,15,4,1,4,6,0,101,79,45,40,9,42,67,3.56
Perkins,Glen,196,27,8,2,33,27,43,391,321,178,170,25,105,334,3.91
Perry,Ryan,82,0,0,0,8,5,0,116,96,48,46,8,54,95,3.57
Pestano,Vinnie,94,0,0,0,2,8,30,112,65,39,36,12,35,120,2.89
Peterson,David,36,36,8,2,8,17,0,217,237,160,151,29,93,188,6.26
Petit,Yusmeiro,256,12,4,1,17,23,4,433,394,216,195,57,97,401,4.05
Petricka,Jake,46,0,0,0,2,3,2,101,71,38,36,10,34,52,3.21
Pettibone,Jonathan,21,3,0,0,3,1,0,65,79,38,37,6,19,54,5.12
Pettitte,Andy,257,224,92,13,95,87,0,1624,1426,792,717,121,533,1243,3.97
Phelps,David,114,16,2,0,11,8,3,241,210,118,108,30,87,257,4.03
Pineda,Michael,174,172,43,6,69,61,0,1166,1149,636,588,145,395,1102,4.54
Pineiro,Joel,232,143,25,4,61,60,0,1029,1044,548,506,81,353,654,4.43
Pinto,Renyel,73,0,0,0,1,6,3,111,114,71,63,15,56,69,5.11
Pivetta,Nick,58,51,9,2,9,28,0,328,367,215,203,44,145,324,5.57
Plesac,Zach,68,52,26,6,24,17,0,421,330,181,163,17,87,320,3.48
Plutko,Adam,32,32,7,0,11,17,0,206,215,132,121,23,67,177,5.29
Poche,Colin,17,0,0,0,0,0,0,32,48,30,25,4,14,45,7.03
Politte,Cliff,88,0,0,0,1,8,6,89,84,50,41,1,33,91,4.15
Pomeranz,Drew,146,78,22,5,48,25,1,607,466,262,242,66,245,633,3.59
Ponce,Cody,8,8,3,0,3,4,0,55,41,25,25,6,22,41,4.09
Ponson,Sidney,80,52,13,2,24,14,0,366,366,182,167,20,105,220,4.11
Porcello,Rick,248,247,65,11,89,99,0,1681,1547,838,777,158,522,1280,4.16
Powell,Jay,20,0,0,0,2,1,0,18,11,6,5,1,4,12,2.50
Pressly,Ryan,216,0,0,0,17,17,89,281,207,105,99,35,88,315,3.17
Price,David,313,311,165,22,134,115,0,2401,1857,1060,959,104,741,2280,3.59
Prior,Mark,71,48,23,1,31,9,0,391,297,138,130,7,118,341,2.99
Proctor,Scott,62,0,0,0,11,5,0,101,88,41,37,4,29,96,3.30
Pryor,Stephen,2,0,0,0,0,0,0,2,2,0,0,0,0,5,0.00
Puk,A. J.,5,0,0,0,0,0,0,14,21,11,10,2,9,14,6.43
Purcey,David,6,0,0,0,1,1,0,8,10,9,9,3,9,3,10.12
Putnam,Zach,70,0,0,0,5,4,41,82,51,21,20,3,21,88,2.20
Putz,J. J.,258,0,0,0,20,18,57,315,234,153,134,24,116,294,3.83
Quackenbush,Kevin,46,0,0,0,3,3,2,77,77,44,43,12,23,63,5.03
Qualls,Chad,232,1,0,0,12,13,2,302,250,138,128,31,82,227,3.81
Quantrill,Cal,48,31,14,0,17,11,5,267,204,119,108,38,95,227,3.64
Quantrill,Paul,118,0,0,0,5,3,0,125,86,44,35,2,22,81,2.52
Quijada,José,9,0,0,0,0,1,0,17,22,17,17,5,11,19,9.00
Quinn,Roman,3,0,0,0,0,0,0,8,16,11,11,1,3,9,12.38
Quintana,José,220,221,73,9,101,76,1,1514,1338,758,702,77,507,1263,4.17
Radke,Brad,123,123,43,11,55,42,0,847,769,386,348,85,184,528,3.70
Rainey,Tanner,31,0,0,0,0,0,0,61,59,43,37,4,30,77,5.46
Ramirez,Edwar,3,0,0,0,0,0,0,10,13,5,5,3,1,15,4.50
Ramirez,Elizardo,7,7,1,0,1,6,0,45,66,42,40,11,17,29,8.00
Ramirez,Erasmo,11,0,0,0,0,1,0,17,18,11,11,4,3,13,5.82
Ramirez,Horacio,93,61,15,3,21,26,0,438,414,239,215,18,159,269,4.42
Ramirez,Nick,4,0,0,0,0,0,0,6,4,1,1,0,3,3,1.50
Ramirez,Noé,51,0,0,0,3,7,0,83,71,48,39,15,27,85,4.23
Ramirez,Ramon,225,0,0,0,10,10,1,268,226,133,116,34,94,217,3.90
Ramirez,Yohan,17,0,0,0,0,1,1,35,19,20,18,2,27,33,4.63
Ramírez,Erasmo,84,67,9,5,24,22,0,438,416,217,207,45,119,374,4.25
Ramírez,J. C.,27,25,6,0,5,15,0,163,165,100,94,21,64,128,5.19
Ramírez,José,32,0,0,0,4,2,0,39,40,30,28,6,21,33,6.46
Ramírez,Neil,50,0,0,0,4,3,2,64,42,22,20,2,28,62,2.81
Ramos,Aj,113,0,0,0,5,4,21,144,84,51,49,12,68,150,3.06
Ramos,Cesár,95,0,0,0,8,8,2,125,86,44,41,15,48,111,2.95
Ramos,Edubray,87,0,0,0,9,4,1,106,97,62,56,16,45,106,4.75
Randolph,Steve,40,0,0,0,0,1,0,21,19,15,14,1,18,17,6.00
Rapada,Clay,3,0,0,0,0,0,0,4,0,0,0,0,3,6,0.00
Rasmus,Cory,6,6,2,1,2,0,0,49,28,13,13,1,14,48,2.39
Rasmussen,Drew,11,10,1,0,4,2,0,72,65,42,35,7,29,61,4.38
Rauch,Jon,231,0,0,0,13,17,5,411,342,184,173,22,158,316,3.79
Ray,Chris,123,0,0,0,8,8,20,169,127,71,68,11,77,135,3.62
Ray,Robbie,112,112,39,6,43,37,0,739,620,370,340,56,285,812,4.14
Redding,Tim,106,74,14,0,19,37,0,459,505,333,298,68,174,270,5.84
Redman,Mark,84,57,19,2,21,24,0,391,382,235,208,15,164,258,4.79
Redmond,Todd,38,14,1,1,5,5,0,137,113,55,51,14,45,125,3.35
Reed,Addison,207,0,0,0,16,10,1,291,213,107,99,43,78,270,3.06
Reed,Cody,1,0,0,0,0,0,0,3,4,2,2,0,3,4,6.00
Reed,Steve,96,0,0,0,5,3,1,108,91,50,50,18,28,45,4.17
Reitsma,Chris,100,0,0,0,5,3,2,123,112,65,60,19,29,88,4.39
Remlinger,Mike,67,0,0,0,2,4,0,43,35,22,21,5,12,40,4.40
Reyes,Alberto,71,2,1,0,6,1,0,113,88,46,41,12,36,123,3.27
Reyes,Alex,60,2,0,0,2,1,1,128,102,62,58,6,85,127,4.08
Reyes,Anthony,39,39,4,1,13,18,0,233,272,165,153,28,100,153,5.91
Reyes,Dennys,115,0,0,0,5,7,30,200,205,131,123,16,80,153,5.54
Reyes,Jo-jo,20,20,11,0,3,15,0,145,210,128,117,13,72,98,7.26
Reynolds,Matt,15,0,0,0,3,1,0,23,17,7,7,0,3,14,2.74
Reynolds,Shane,2,1,0,0,1,0,0,5,9,3,3,1,0,2,5.40
Rhodes,Arthur,98,0,0,0,4,12,0,122,74,47,47,9,29,131,3.47
Richard,Clayton,111,109,34,5,51,35,0,734,670,375,339,83,260,519,4.16
Richards,Garrett,114,107,21,2,43,37,0,681,623,351,338,50,236,603,4.47
Richards,Trevor,54,40,5,1,19,15,0,287,254,143,137,16,107,272,4.30
Rincon,Juan,193,0,0,0,26,9,31,286,186,106,101,19,108,237,3.18
Rincon,Ricardo,64,0,0,0,6,2,1,61,64,36,33,2,24,47,4.87
Ring,Royce,2,0,0,0,0,0,0,6,9,7,7,1,3,9,10.50
Riske,David,230,1,0,0,17,15,54,243,212,120,104,8,93,192,3.85
Rivera,Mariano,527,0,0,0,33,39,240,549,328,152,124,51,118,528,2.03
Rivera,Saul,79,0,0,0,1,5,1,104,96,53,49,6,29,88,4.24
Roa,Joe,1,0,0,0,0,1,0,1,0,0,0,0,0,1,0.00
Roark,Tanner,169,169,49,8,70,68,0,1151,1035,559,529,66,345,955,4.14
Robertson,David,230,0,0,0,15,12,48,375,274,129,118,14,134,403,2.83
Robertson,Jeriome,64,32,4,1,10,14,0,205,210,103,97,15,80,137,4.26
Robertson,Nate,106,103,19,4,40,44,0,702,753,411,385,50,279,461,4.94
Robles,Hansel,146,0,0,0,3,8,31,167,160,111,106,24,70,170,5.71
Rodney,Fernando,254,0,0,0,15,16,30,368,366,219,200,37,152,338,4.89
Rodón,Carlos,85,85,24,5,44,24,0,581,458,264,241,65,206,606,3.73
Rodriguez,Eduardo,69,69,23,3,28,23,0,468,398,229,224,20,169,416,4.31
Rodriguez,Felix,93,0,0,0,3,5,15,58,47,25,20,5,20,41,3.10
Rodriguez,Fernando,6,0,0,0,1,0,0,11,5,3,3,0,2,11,2.45
Rodriguez,Francisco,18,1,1,0,1,0,1,38,17,4,4,1,13,30,0.95
Rodriguez,Henry,43,0,0,0,1,1,0,65,61,35,35,4,41,54,4.85
Rodriguez,Jefry,1,1,1,0,1,0,0,9,6,1,1,0,4,6,1.00
Rodriguez,Wandy,194,192,60,12,86,75,0,1320,1257,696,637,118,461,1054,4.34
Rodríguez,Dereck,28,28,9,1,14,8,0,181,163,103,95,9,54,128,4.72
Rodríguez,Francisco,533,1,0,0,32,41,157,639,448,255,228,38,234,699,3.21
Rodríguez,Joely,22,0,0,0,1,2,0,28,15,7,6,0,8,25,1.93
Rodríguez,Paco,23,0,0,0,2,3,1,29,21,8,8,1,13,30,2.48
Rodríguez,Richard,141,0,0,0,9,6,43,159,123,57,57,21,41,172,3.23
Roe,Chaz,18,0,0,0,4,1,0,24,15,3,3,1,8,20,1.12
Roenicke,Josh,45,0,0,0,3,2,0,70,67,32,31,3,29,42,3.99
Rogers,Esmil,6,0,0,0,0,0,0,12,16,9,9,1,2,11,6.75
Rogers,Kenny,145,122,27,7,47,48,0,825,737,418,372,70,309,491,4.06
Rogers,Mark,7,7,1,1,2,3,0,45,35,18,14,3,22,41,2.80
Rogers,Taylor,120,1,0,0,6,7,33,149,127,68,62,23,29,150,3.74
Rogers,Trevor,24,24,8,0,8,11,0,150,148,96,87,9,54,152,5.22
Rogers,Tyler,50,0,0,0,3,3,17,72,61,31,31,14,15,64,3.88
Romano,Jordan,71,0,0,0,8,6,5,89,55,40,31,6,37,97,3.13
Romano,Sal,4,4,3,0,2,2,0,29,25,13,13,3,15,16,4.03
Romero,Enny,49,0,0,0,3,3,0,70,64,43,39,9,31,66,5.01
Romero,J. C.,161,1,0,0,11,14,22,194,154,103,93,17,86,146,4.31
Romero,Ricky,76,73,38,3,25,46,0,561,589,311,278,68,175,397,4.46
Romo,Sergio,383,0,0,0,29,28,43,509,414,225,215,64,155,515,3.80
Rondón,Bruce,14,0,0,0,0,1,0,28,31,17,12,0,16,32,3.86
Rondón,Héctor,190,0,0,0,16,13,1,263,206,137,134,26,97,249,4.59
Rosenthal,Trevor,142,0,0,0,9,8,47,168,114,74,71,6,66,213,3.80
Ross,Joe,36,36,10,5,18,15,0,229,220,98,94,20,62,225,3.69
Ross,Robbie,81,0,0,0,4,8,1,109,91,49,46,15,38,93,3.80
Ross,Tyson,128,76,21,6,34,33,1,615,515,279,264,61,213,572,3.86
Rowland-smith,Ryan,33,26,2,0,11,6,0,179,179,80,77,16,67,104,3.87
Rueter,Kirk,56,1,0,0,1,0,1,87,99,70,69,7,48,43,7.14
Ruffin,Chance,3,0,0,0,0,0,0,6,12,7,7,0,4,6,10.50
Ruiz,José,30,0,0,0,2,1,0,36,27,11,11,3,12,34,2.75
Runzler,Dan,8,0,0,0,1,0,0,16,11,5,4,0,11,15,2.25
Rusch,Glendon,70,15,1,1,9,9,2,169,163,104,91,9,66,110,4.85
Rusin,Chris,78,6,2,0,2,9,2,128,119,48,48,15,34,123,3.38
Russell,James,76,0,0,0,1,2,0,116,95,57,48,8,40,93,3.72
Ryan,B. J.,270,0,0,0,14,23,79,290,205,127,116,20,116,296,3.60
Ryan,Kyle,75,0,0,0,5,6,0,84,65,41,38,5,36,68,4.07
Ryu,Hyun Jin,185,185,69,16,95,56,0,1363,1033,544,516,144,364,1163,3.41
Rzepczynski,Marc,110,0,0,0,3,6,1,170,155,92,82,15,83,151,4.34
Saarloos,Kirk,47,46,12,2,19,20,0,289,301,170,156,25,118,170,4.86
Sabathia,Cc,410,381,170,30,171,142,1,2827,2450,1304,1193,145,976,2465,3.80
Sadler,Casey,84,0,0,0,5,6,50,80,47,21,17,5,20,63,1.91
Saito,Takashi,198,0,0,0,16,15,96,234,140,63,62,17,69,218,2.38
Salas,Fernando,106,0,0,0,7,10,14,157,124,60,57,11,53,128,3.27
Salazar,Danny,76,76,14,3,31,24,0,484,427,246,228,69,218,562,4.24
Sale,Chris,257,237,117,15,128,84,3,1899,1454,753,705,117,498,1915,3.34
Samardzija,Jeff,260,197,57,11,78,70,25,1437,1259,643,602,105,445,1295,3.77
Sampson,Chris,32,6,2,0,3,6,1,106,105,60,54,8,38,62,4.58
Sanabia,Alex,12,12,3,1,4,6,0,77,75,39,35,3,21,48,4.09
Sanches,Brian,78,0,0,0,6,6,32,94,67,28,25,9,29,99,2.39
Sanchez,Aaron,119,65,16,3,29,27,29,502,420,256,239,18,212,413,4.28
Sanchez,Duaner,60,0,0,0,4,1,36,79,51,22,19,4,28,70,2.16
Sanchez,Eduardo,19,1,0,0,3,0,0,27,16,7,7,3,11,32,2.33
Sánchez,Aníbal,252,251,76,11,94,95,0,1722,1524,858,793,203,585,1495,4.14
Sánchez,Jonathan,63,63,17,5,21,29,0,412,368,228,211,38,204,412,4.61
Sánchez,Sixto,21,21,14,1,8,11,0,168,147,96,84,30,55,141,4.50
Sandlin,Nick,24,0,0,0,2,1,0,28,31,19,19,5,13,38,6.11
Sandoval,Patrick,14,14,1,0,7,6,0,93,68,45,39,9,46,91,3.77
Santana,Dennis,15,0,0,0,0,0,0,23,36,18,18,9,6,15,7.04
Santana,Edgar,35,0,0,0,4,2,1,66,58,39,32,10,28,56,4.36
Santana,Ervin,285,255,89,17,104,106,0,1889,1755,961,897,131,672,1513,4.27
Santana,Johan,228,228,149,15,113,84,0,1931,1362,741,694,205,583,1900,3.23
Santiago,Héctor,101,61,14,1,33,20,0,471,379,219,192,52,206,424,3.67
Santillan,Tony,4,4,1,0,2,2,0,24,23,16,11,6,8,29,4.12
Santos,Sergio,49,0,0,0,2,6,1,68,48,26,24,2,27,72,3.18
Santos,Victor,21,20,17,0,3,17,0,178,222,103,100,43,84,123,5.06
Sasaki,Kazuhiro,4,0,0,0,0,0,0,8,6,4,4,1,2,9,4.50
Saunders,Joe,150,147,32,10,53,53,0,984,877,476,448,118,332,602,4.10
Sawamura,Hirokazu,25,0,0,0,1,0,0,35,25,22,19,5,22,33,4.89
Scheppers,Tanner,58,0,0,0,3,4,0,85,61,29,26,6,23,67,2.75
Scherzer,Max,402,377,201,26,189,125,0,2969,2297,1306,1162,149,916,3323,3.52
Schilling,Curt,122,102,40,6,43,38,0,733,708,396,361,94,202,634,4.43
Schlereth,Daniel,10,0,0,0,3,2,0,18,18,12,12,1,7,14,6.00
Schmidt,Jason,117,90,34,3,41,41,0,695,560,352,323,30,287,577,4.18
Schoeneweis,Scott,63,0,0,0,2,7,1,96,88,50,44,2,41,58,4.12
Schroder,Chris,26,0,0,0,1,0,0,39,29,18,16,5,13,31,3.69
Schugel,A. J.,25,0,0,0,4,3,1,28,22,16,15,6,9,24,4.82
Scott,Robby,6,0,0,0,0,1,0,7,4,3,3,0,2,3,3.86
Scott,Tanner,32,0,0,0,1,5,20,37,20,11,10,3,15,30,2.43
Scribner,Evan,32,0,0,0,3,1,0,43,44,17,15,2,5,49,3.14
Scrubb,Andre,37,0,0,0,2,2,1,37,18,13,12,1,31,28,2.92
Seanez,Rudy,98,0,0,0,5,7,0,119,111,42,37,8,44,96,2.80
Seay,Bobby,68,0,0,0,5,4,1,100,49,23,21,4,31,85,1.89
Sele,Aaron,38,38,4,0,4,21,0,229,310,172,153,40,93,128,6.01
Senzatela,Antonio,75,75,23,3,28,35,0,511,458,269,248,70,166,247,4.37
Seo,Jae Weong,48,27,12,4,16,8,0,187,162,78,74,8,53,112,3.56
Severino,Luis,81,81,30,7,38,31,0,580,503,278,263,79,160,607,4.08
Sewald,Paul,30,0,0,0,1,5,2,60,54,29,29,5,17,57,4.35
Shackelford,Brian,24,0,0,0,0,0,1,32,23,6,4,0,9,12,1.12
Shafer,Justin,13,0,0,0,2,0,1,29,22,12,12,3,15,24,3.72
Shaw,Bryan,181,0,0,0,15,9,1,256,219,103,91,27,75,231,3.20
Sheets,Ben,154,152,42,10,61,54,0,1093,1036,534,485,109,299,902,3.99
Sheffield,Justus,44,35,6,1,6,17,0,226,244,149,138,29,92,195,5.50
Shell,Steven,33,0,0,0,6,3,0,45,27,10,10,2,15,42,2.00
Sherrill,George,91,0,0,0,3,10,48,107,82,59,58,10,50,116,4.88
Shields,James,346,343,106,14,133,142,0,2420,2247,1201,1120,240,740,2042,4.17
Shields,Scot,168,14,1,0,21,26,57,265,221,148,140,38,77,251,4.75
Shoemaker,Matt,69,64,19,4,28,24,0,446,418,231,217,39,130,372,4.38
Shouse,Brian,170,0,0,0,9,3,31,156,108,51,44,11,39,118,2.54
Shreve,Chasen,67,0,0,0,7,5,0,96,74,43,43,3,48,114,4.03
Shuey,Paul,84,0,0,0,0,7,11,55,34,32,28,8,31,51,4.58
Siegrist,Kevin,61,0,0,0,4,5,0,95,60,32,31,5,40,77,2.94
Silva,Carlos,106,102,20,7,43,34,0,616,606,332,303,46,179,345,4.43
Simmons,Shae,5,0,0,0,0,0,0,10,4,2,2,0,6,6,1.80
Simon,Alfredo,70,52,19,3,26,19,0,406,363,168,153,30,131,292,3.39
Sims,Lucas,72,0,0,0,6,4,1,110,68,42,38,14,39,121,3.11
Singer,Brady,35,31,6,0,12,12,0,224,247,147,142,56,79,231,5.71
Sipp,Tony,146,0,0,0,9,10,20,240,224,132,122,18,120,240,4.58
Sisco,Andy,35,0,0,0,5,4,2,63,45,33,28,0,29,76,4.00
Skaggs,Tyler,17,11,1,0,4,4,0,86,76,51,50,8,21,76,5.23
Skubal,Tarik,18,16,2,0,3,6,0,94,113,64,58,13,47,86,5.55
Slaten,Doug,50,0,0,0,4,3,2,52,42,16,14,1,23,46,2.42
Slater,Austin,2,0,0,0,0,0,0,4,4,4,4,0,2,2,9.00
Slegers,Aaron,4,3,0,0,1,2,0,16,21,14,14,5,4,15,7.88
Slowey,Kevin,101,101,22,7,35,36,0,581,642,333,304,69,175,450,4.71
Small,Aaron,33,2,0,0,5,3,0,74,71,40,34,3,28,37,4.14
Smeltzer,Devin,6,6,1,0,4,2,0,38,38,20,20,8,14,26,4.74
Smith,Caleb,47,27,0,0,7,11,0,185,172,124,111,46,75,167,5.40
Smith,Carson,48,0,0,0,2,6,1,57,35,20,16,2,22,70,2.53
Smith,Drew,30,0,0,0,6,1,2,42,18,10,10,6,14,32,2.14
Smith,Greg,19,19,8,1,5,14,0,130,136,78,75,19,65,79,5.19
Smith,Joe,160,0,0,0,14,13,7,252,174,88,79,9,82,258,2.82
Smith,Matt,6,0,0,0,0,1,0,18,8,9,9,5,6,16,4.50
Smith,Will,128,0,0,0,13,11,24,191,160,88,81,13,70,208,3.82
Smoltz,John,228,98,32,8,75,22,33,839,733,384,359,64,223,741,3.85
Smyly,Drew,149,95,22,3,40,44,0,694,618,319,304,79,202,636,3.94
Snell,Blake,127,123,46,8,61,35,0,897,639,377,344,104,336,996,3.45
Snell,Ian,64,62,13,1,12,26,0,401,392,210,198,51,150,390,4.44
Snyder,Kyle,6,0,0,0,0,0,0,7,9,4,2,0,4,11,2.57
Socolovich,Miguel,26,0,0,0,0,1,18,28,25,12,12,2,7,19,3.86
Solís,Sammy,29,0,0,0,1,1,0,40,25,20,20,7,25,46,4.50
Sonnanstine,Andy,36,33,10,3,9,17,0,238,254,106,99,13,68,155,3.74
Soria,Joakim,427,1,0,0,22,29,87,514,400,245,216,50,173,532,3.78
Soriano,Rafael,289,0,0,0,23,21,36,386,261,138,126,15,128,390,2.94
Soroka,Michael,29,29,19,1,18,10,0,239,192,90,88,29,68,183,3.31
Sosa,Henry,2,0,0,0,0,0,0,4,9,4,4,1,1,2,9.00
Sosa,Jorge,19,18,11,3,13,5,0,148,85,48,41,9,57,90,2.49
Soto,Gregory,64,0,0,0,3,4,0,76,71,59,56,6,45,86,6.63
Sowers,Jeremy,6,6,1,0,2,3,0,44,52,27,27,0,7,34,5.52
Sparks,Steve,30,0,0,0,1,0,0,31,33,23,21,2,17,15,6.10
Speier,Justin,207,0,0,0,17,10,3,242,196,105,93,13,68,217,3.46
Spence,Josh,12,0,0,0,1,0,1,21,8,6,4,2,10,33,1.71
Springer,Russ,121,0,0,0,5,9,30,115,86,47,43,15,43,90,3.37
Springs,Jeffrey,38,0,0,0,0,5,1,59,60,44,43,7,23,81,6.56
Spurling,Chris,20,0,0,0,5,1,0,33,19,8,8,4,5,19,2.18
Stammen,Craig,304,7,2,1,27,22,9,453,368,206,192,58,162,395,3.81
Stanek,Ryne,35,0,0,0,1,2,1,74,44,29,26,7,29,69,3.16
Stanton,Mike,35,0,0,0,3,2,0,42,37,27,24,4,14,29,5.14
Stashak,Cody,45,0,0,0,3,4,2,56,55,31,29,5,12,50,4.66
Stauffer,Tim,92,3,1,1,10,9,12,147,112,58,54,14,49,106,3.31
Staumont,Josh,62,0,0,0,3,8,15,71,62,37,34,13,35,75,4.31
Steckenrider,Drew,55,1,0,0,3,8,27,57,40,33,30,12,25,51,4.74
Steele,Justin,1,0,0,0,0,0,1,1,2,0,0,0,0,0,0.00
Stephan,Trevor,19,0,0,0,1,1,0,41,38,26,25,7,23,51,5.49
Stephenson,Robert,62,11,3,0,6,8,0,134,116,72,71,17,74,132,4.77
Stetter,Mitch,28,0,0,0,1,1,0,36,30,23,18,10,11,44,4.50
Stewart,Kohl,4,4,2,0,1,3,0,24,30,25,23,5,11,20,8.62
Stewart,Scott,58,0,0,0,1,1,1,48,61,37,36,6,9,23,6.75
Stock,Robert,26,0,0,0,1,1,6,31,18,8,8,4,11,27,2.32
Stokes,Brian,17,0,0,0,0,1,0,35,45,29,29,5,16,31,7.46
Stone,Ricky,89,0,0,0,2,1,0,75,62,25,22,3,33,41,2.64
Storen,Drew,192,0,0,0,9,9,34,241,174,80,76,17,75,241,2.84
Strahm,Matt,52,4,1,1,5,4,2,79,55,47,44,4,26,74,5.01
Straily,Dan,85,85,6,2,23,36,0,504,511,312,280,72,186,461,5.00
Strasburg,Stephen,238,234,146,16,105,100,0,1923,1568,865,769,230,558,2220,3.60
Stratton,Chris,13,10,1,0,2,5,0,60,64,42,35,11,31,55,5.25
Street,Huston,308,0,0,0,22,13,112,363,256,134,126,24,118,343,3.12
Strickland,Hunter,179,0,0,0,8,13,1,227,182,98,86,25,69,240,3.41
Strickland,Scott,18,0,0,0,0,1,0,8,6,3,3,0,4,8,3.38
Stripling,Ross,105,38,8,1,23,19,2,355,317,168,160,43,119,321,4.06
Stroman,Marcus,149,148,32,5,51,59,0,1022,911,545,514,71,345,829,4.53
Strop,Pedro,114,0,0,0,10,8,3,176,134,66,63,11,48,174,3.22
Stults,Eric,23,23,6,1,7,12,0,154,182,107,106,23,49,100,6.19
Stumpf,Daniel,26,0,0,0,0,1,0,36,26,16,11,0,18,31,2.75
Sturtze,Tanyon,46,1,0,0,1,3,0,97,116,72,54,11,35,53,5.01
Stutes,Michael,29,0,0,0,1,2,0,46,47,29,23,8,19,42,4.50
Suarez,José,12,12,1,1,6,3,0,68,54,27,26,9,27,50,3.44
Suárez,Albert,12,12,0,0,2,6,0,64,88,49,49,10,19,48,6.89
Suárez,Andrew,29,29,5,1,11,10,0,184,189,101,93,8,60,148,4.55
Suárez,Ranger,56,12,2,1,7,8,9,139,101,80,67,28,68,108,4.34
Suero,Wander,71,0,0,0,5,3,0,85,70,35,31,6,25,74,3.28
Sullivan,Scott,110,1,1,1,3,5,1,109,99,46,42,3,41,78,3.47
Sulser,Cole,22,0,0,0,2,1,0,33,31,19,18,3,16,39,4.91
Suppan,Jeff,186,162,82,3,37,105,0,1203,1330,695,658,153,416,675,4.92
Suter,Brent,127,31,8,2,18,18,2,326,286,159,143,47,91,271,3.95
Swanson,Erik,10,0,0,0,2,0,0,16,9,4,4,1,2,17,2.25
Swarzak,Anthony,126,0,0,0,3,5,46,167,131,72,70,16,52,148,3.77
Sweeney,Brian,11,0,0,0,3,0,1,21,14,6,5,1,7,10,2.14
Syndergaard,Noah,80,80,39,1,41,32,0,642,533,273,239,66,138,558,3.35
Taillon,Jameson,81,80,34,5,34,28,0,552,490,240,229,25,168,475,3.73
Takahashi,Hisanori,19,0,0,0,2,2,0,38,41,22,21,8,12,33,4.97
Takahashi,Ken,23,0,0,0,2,2,1,44,36,19,19,5,22,32,3.89
Takatsu,Shingo,32,0,0,0,1,6,2,38,29,17,17,2,15,26,4.03
Talbot,Mitch,24,24,5,1,9,9,0,161,147,74,73,18,48,99,4.08
Tallet,Brian,70,0,0,0,7,3,1,115,94,45,43,11,46,96,3.37
Tanaka,Masahiro,181,191,62,19,78,67,0,1271,1094,562,520,151,330,1120,3.68
Tankersley,Taylor,36,0,0,0,6,4,0,57,41,34,31,8,24,53,4.89
Taschner,Jack,19,0,0,0,3,0,0,20,9,0,0,0,3,14,0.00
Tate,Dillon,41,0,0,0,1,2,0,53,48,21,19,3,21,43,3.23
Tavarez,Julian,131,1,0,0,4,4,19,175,168,88,63,17,54,116,3.24
Taylor,Blake,52,0,0,0,5,0,1,83,44,23,22,6,29,57,2.39
Taylor,Josh,49,0,0,0,2,2,0,60,40,19,18,1,21,64,2.70
Tazawa,Junichi,117,0,0,0,7,8,7,186,146,78,71,17,42,150,3.44
Teheran,Julio,175,175,49,5,58,78,0,1151,1071,616,555,137,402,943,4.34
Tejeda,Rob,71,6,0,0,8,4,0,150,145,70,64,15,68,138,3.84
Tejera,Michael,22,0,0,0,1,0,0,22,24,17,16,0,9,14,6.55
Telemaco,Amaury,25,8,8,0,1,9,0,89,92,51,51,13,37,35,5.16
Tepera,Ryan,152,1,0,0,7,14,22,201,180,111,92,26,62,227,4.12
Tepesch,Nick,9,9,7,1,3,6,0,78,82,38,35,10,24,60,4.04
Thatcher,Joe,74,0,0,0,4,11,22,95,67,36,34,3,38,108,3.22
Thayer,Dale,86,0,0,0,8,6,1,142,103,50,48,10,34,124,3.04
Thielbar,Caleb,104,0,0,0,8,8,35,130,86,54,54,13,56,142,3.74
Thomas,Brad,37,0,0,0,3,0,0,46,35,16,14,5,22,21,2.74
Thompson,Brad,75,23,13,0,12,17,0,249,257,152,143,37,89,149,5.17
Thompson,Jake,1,1,0,0,0,0,0,5,7,4,4,2,6,3,7.20
Thompson,Rich,6,0,0,0,0,1,2,9,9,5,5,1,5,9,5.00
Thompson,Ryan,51,0,0,0,1,8,22,63,40,21,20,4,27,57,2.86
Thompson,Zach,14,14,5,1,7,5,0,101,79,43,41,9,33,74,3.65
Thomson,John,119,83,16,4,28,33,0,503,542,303,293,18,153,351,5.24
Thornburg,Tyler,77,5,0,0,7,6,29,119,86,42,36,6,41,109,2.72
Thornton,Matt,274,0,0,0,21,17,12,358,283,148,130,38,93,302,3.27
Thornton,Trent,49,30,4,0,13,7,0,225,234,149,141,38,99,196,5.64
Tillman,Chris,108,108,32,6,39,46,0,796,633,358,327,27,276,614,3.70
Timlin,Mike,172,0,0,0,15,7,20,222,208,120,111,27,72,146,4.50
Tolleson,Shawn,79,0,0,0,0,6,0,151,108,50,40,12,41,110,2.38
Tomko,Brett,119,71,10,2,23,27,0,421,443,276,240,16,156,249,5.13
Tomlin,Josh,183,114,24,8,37,38,0,850,864,434,410,115,204,653,4.34
Torres,Alex,87,0,0,0,6,4,20,104,65,35,35,8,35,117,3.03
Torres,Carlos,95,10,0,0,8,10,1,211,203,103,91,23,68,193,3.88
Torres,José,22,0,0,0,2,1,0,37,40,26,24,3,12,34,5.84
Torres,Salomon,140,13,4,0,15,12,12,239,191,110,100,21,92,141,3.77
Toussaint,Touki,9,9,1,1,2,4,0,52,48,23,22,5,17,49,3.81
Towers,Josh,69,61,22,2,25,29,0,455,471,241,216,32,120,281,4.27
Traber,Billy,3,2,0,0,0,2,0,7,14,11,11,2,4,1,14.14
Trachsel,Steve,144,111,21,3,38,50,0,692,773,454,405,60,337,370,5.27
Treinen,Blake,236,0,0,0,13,13,64,313,207,115,106,38,103,300,3.05
Triggs,Andrew,31,13,1,0,7,5,0,109,100,46,42,11,25,94,3.47
Trivino,Lou,91,0,0,0,2,4,0,137,120,72,70,22,43,121,4.60
Troncoso,Ramon,42,0,0,0,4,1,0,61,41,26,22,9,16,48,3.25
Tropeano,Nick,15,15,5,3,7,4,0,102,74,46,44,10,55,91,3.88
Tucker,T. J.,18,0,0,0,0,0,0,42,41,27,25,0,20,27,5.36
Tuivailala,Sam,35,0,0,0,6,7,3,65,45,31,27,9,18,55,3.74
Turnbow,Derrick,55,0,0,0,3,1,44,60,17,2,2,1,15,57,0.30
Turnbull,Spencer,35,34,8,1,9,20,0,233,222,143,131,6,126,210,5.06
Turner,Justin,2,0,0,0,0,0,0,2,2,3,3,2,2,2,13.50
Uehara,Koji,273,31,7,4,26,34,131,461,375,196,184,44,109,460,3.59
Urbina,Ugueth,56,0,0,0,1,2,10,48,40,23,18,0,17,50,3.38
Ureña,José,94,68,21,1,18,36,0,526,613,333,302,74,206,384,5.17
Urías,Julio,104,79,32,5,45,23,1,590,464,295,272,29,211,504,4.15
Urquidy,José,34,34,10,2,20,9,0,236,219,110,97,13,57,205,3.70
Valdés,Raúl,9,0,0,0,1,0,1,12,9,5,3,0,2,12,2.25
Valdez,Framber,50,50,11,3,24,16,0,323,280,162,142,37,107,270,3.96
Valdez,Ismael,44,37,5,0,7,14,0,209,236,127,122,24,52,131,5.25
Valdez,Phillips,22,0,0,0,1,0,0,33,27,14,14,4,20,31,3.82
Valverde,Jose,372,0,0,0,19,22,72,380,268,156,142,39,163,359,3.36
Van Den Hurk,Rick,5,5,4,0,1,4,0,44,55,38,33,6,21,23,6.75
Vargas,Claudio,81,48,16,2,18,25,0,354,339,194,171,20,112,240,4.35
Vargas,Jason,155,128,27,4,47,49,0,919,847,475,427,67,284,579,4.18
Varvaro,Anthony,44,0,0,0,2,4,6,58,65,36,33,5,23,52,5.12
Vazquez,Javier,287,228,80,18,107,83,0,1699,1577,785,686,142,499,1603,3.63
Vázquez,Felipe,147,0,0,0,21,16,43,199,127,61,53,12,67,207,2.40
Velasquez,Vince,71,54,6,3,19,24,0,359,399,261,244,56,161,356,6.12
Velázquez,Hector,60,0,0,0,3,2,0,79,77,39,35,13,16,48,3.99
Venters,Jonny,84,0,0,0,1,3,47,81,44,19,11,3,25,108,1.22
Ventura,Yordano,82,81,21,3,31,28,0,504,467,254,223,50,171,439,3.98
Veras,Jose,129,0,0,0,13,6,0,199,186,100,79,24,91,226,3.57
Veres,Dave,12,0,0,0,0,0,0,13,12,6,5,2,4,11,3.46
Verhagen,Drew,4,0,0,0,0,2,0,5,8,10,7,0,5,7,12.60
Verlander,Justin,415,415,239,36,214,152,0,3236,2392,1335,1194,344,1037,3241,3.32
Vesia,Alex,36,0,0,0,4,2,4,42,21,16,12,3,17,50,2.57
Villanueva,Carlos,101,6,0,0,5,9,1,245,242,158,140,26,101,201,5.14
Villarreal,Brayan,47,0,0,0,4,2,0,50,29,22,16,3,17,59,2.88
Villarreal,Oscar,186,4,0,0,8,4,13,254,205,128,114,18,88,178,4.04
Villarreal,Pedro,8,0,0,0,0,0,0,14,11,5,5,3,4,10,3.21
Villone,Ron,84,0,0,0,1,0,1,104,105,68,56,14,62,98,4.85
Vincent,Nick,149,1,0,0,3,5,2,172,152,74,65,21,46,192,3.40
Vizcaino,Luis,89,0,0,0,7,6,1,126,116,64,59,13,44,103,4.21
Vizcaíno,Arodys,74,1,0,0,2,10,2,106,100,68,65,14,51,120,5.52
Vogelsong,Ryan,83,83,17,2,21,42,0,553,503,295,263,43,184,430,4.28
Volquez,Edinson,127,127,51,7,61,46,0,934,730,440,394,85,402,825,3.80
Volstad,Chris,15,14,4,0,4,7,0,109,112,57,56,7,37,62,4.62
Voth,Austin,17,17,2,1,7,5,0,77,88,43,42,12,24,76,4.91
Wacha,Michael,117,110,15,5,38,40,0,698,689,376,368,87,259,651,4.74
Wada,Tsuyoshi,14,14,0,0,7,3,0,87,85,31,31,7,18,87,3.21
Wade,Cory,72,0,0,0,3,13,38,92,94,60,52,9,29,77,5.09
Wagner,Billy,292,0,0,0,27,20,171,309,175,87,77,20,92,319,2.24
Wagner,Ryan,7,0,0,0,0,0,0,13,20,15,15,0,3,9,10.38
Waguespack,Jacob,13,13,0,0,4,8,0,73,94,62,51,12,42,59,6.29
Wainwright,Adam,330,306,131,20,143,124,0,2319,1858,1053,987,183,711,1990,3.83
Wakefield,Tim,204,170,27,4,53,83,0,997,1111,685,626,112,380,663,5.65
Walden,Jordan,132,0,0,0,13,13,6,178,150,77,74,5,58,209,3.74
Walden,Marcus,18,0,0,0,0,0,0,29,30,19,19,6,13,27,5.90
Walker,Jamie,201,0,0,0,16,15,56,241,197,98,85,16,57,165,3.17
Walker,Pete,37,0,0,0,4,5,0,69,58,34,31,4,20,50,4.04
Walker,Taijuan,137,135,36,5,47,56,0,907,874,498,463,64,296,830,4.59
Walker,Tyler,5,0,0,0,0,0,0,4,2,1,1,0,0,2,2.25
Wang,Chien-ming,85,73,32,7,35,29,0,559,512,277,252,62,178,312,4.06
Warren,Adam,121,16,4,0,17,21,23,247,209,132,122,33,82,216,4.45
Washburn,Jarrod,94,93,26,2,42,29,1,626,636,325,304,53,204,402,4.37
Wassermann,Ehren,4,0,0,0,0,0,0,5,16,12,12,3,4,3,21.60
Watson,Tony,250,0,0,0,16,19,52,328,278,182,163,37,134,285,4.47
Weathers,David,182,0,0,0,10,9,3,207,148,77,71,18,84,122,3.09
Weaver,Jeff,70,69,7,0,25,28,0,471,486,257,239,60,125,388,4.57
Weaver,Jered,273,240,96,14,118,95,0,1923,1448,820,753,105,649,1619,3.52
Weaver,Luke,57,19,7,1,13,11,2,189,162,86,81,23,54,170,3.86
Webb,Brandon,217,190,74,15,98,66,0,1453,1233,706,622,169,514,1058,3.85
Webb,Daniel,7,0,0,0,0,0,0,14,33,20,20,4,10,5,12.86
Webb,Jacob,27,0,0,0,2,4,17,31,22,15,12,1,5,23,3.48
Webb,Logan,26,26,4,2,17,4,0,182,163,89,81,25,59,190,4.01
Webb,Ryan,178,0,0,0,2,10,1,213,196,110,107,26,73,153,4.52
Webb,Tyler,67,0,0,0,1,2,2,88,53,36,29,1,36,72,2.97
Weber,Ben,90,0,0,0,9,2,1,59,38,17,17,0,20,50,2.59
Weber,Ryan,22,4,3,1,2,2,0,55,65,27,27,11,17,48,4.42
Wellemeyer,Todd,32,32,8,2,17,7,0,227,176,101,97,26,97,166,3.85
Wells,David,116,87,30,4,38,32,0,595,604,311,283,26,105,362,4.28
Wells,Kip,65,41,14,1,11,21,0,280,279,157,151,23,88,226,4.85
Wells,Randy,57,57,14,2,26,20,0,403,362,192,188,48,145,240,4.20
Wells,Tyler,10,0,0,0,0,2,0,18,21,13,16,2,3,13,8.00
Wendelken,J. B.,29,0,0,0,2,5,0,42,32,17,17,2,14,41,3.64
Wendell,Turk,58,0,0,0,1,1,1,37,46,31,31,0,22,26,7.54
West,Sean,15,15,6,3,7,6,0,108,96,48,40,12,34,69,3.33
Westbrook,Jake,236,220,44,4,73,93,0,1456,1493,871,804,136,516,906,4.97
Wheeler,Dan,282,0,0,0,16,16,37,348,277,136,125,17,102,319,3.23
Wheeler,Zack,162,161,56,8,50,85,0,1124,1005,622,570,105,417,1060,4.56
White,Gabe,44,0,0,0,2,1,0,40,36,21,20,0,4,24,4.50
White,Rick,33,0,0,0,0,0,0,33,33,11,11,1,7,19,3.00
White,Sean,39,0,0,0,4,4,0,48,39,22,20,8,20,23,3.75
Whitley,Chase,4,0,0,0,1,0,0,5,1,0,0,0,0,9,0.00
Whitley,Kodi,19,0,0,0,1,6,0,21,19,14,14,5,6,18,6.00
Whitlock,Garrett,35,0,0,0,8,3,2,71,30,21,17,7,20,64,2.15
Wick,Rowan,36,0,0,0,2,7,1,43,30,21,21,5,12,43,4.40
Wickman,Bob,68,0,0,0,6,7,19,106,80,52,49,18,31,82,4.16
Widener,Taylor,26,11,2,1,4,8,0,87,102,64,62,18,34,96,6.41
Wilhelmsen,Tom,132,1,0,0,11,11,33,157,103,51,48,18,67,146,2.75
Williams,David,21,19,6,0,5,8,0,128,131,79,71,20,39,71,4.99
Williams,Devin,67,0,0,0,2,5,42,79,42,26,26,10,35,94,2.96
Williams,Jerome,104,83,20,3,30,33,0,530,501,305,272,57,223,349,4.62
Williams,Todd,60,0,0,0,4,1,9,66,61,34,30,0,27,40,4.09
Williams,Trevor,45,45,13,3,25,10,0,318,232,136,130,34,128,238,3.68
Williams,Woody,114,82,21,6,37,24,0,542,507,278,266,44,171,378,4.42
Williamson,Scott,53,0,0,0,7,3,0,52,50,29,29,2,24,58,5.02
Willis,Dontrelle,147,118,37,10,59,26,1,867,695,353,335,74,277,635,3.48
Wilson,Alex,197,0,0,0,16,22,3,250,222,128,119,32,68,171,4.28
Wilson,Brian,181,0,0,0,16,7,21,211,126,58,52,19,78,203,2.22
Wilson,C. J.,242,155,49,10,84,59,0,1213,986,528,474,133,466,978,3.52
Wilson,Justin,136,0,0,0,13,13,1,227,144,94,89,31,103,238,3.53
Wilson,Paul,66,39,4,1,10,16,0,225,240,139,133,17,70,140,5.32
Wingenter,Trey,2,0,0,0,0,0,0,10,2,2,2,1,6,3,1.80
Winkler,Dan,55,0,0,0,5,6,1,79,67,50,48,8,36,85,5.47
Wise,Matt,43,0,0,0,4,0,0,84,87,49,41,5,23,58,4.39
Wisler,Matt,86,24,0,0,15,13,1,203,172,98,94,18,86,176,4.17
Witasick,Jay,36,0,0,0,1,2,2,35,38,18,18,2,15,23,4.63
Withrow,Chris,32,0,0,0,3,5,0,26,20,18,18,3,19,23,6.23
Wittgren,Nick,116,0,0,0,7,12,1,152,138,72,68,11,51,122,4.03
Wolf,Randy,189,186,42,11,78,63,0,1145,1133,633,567,109,388,777,4.46
Wolfe,Brian,26,0,0,0,3,0,0,35,27,14,14,5,10,28,3.60
Wood,Alex,108,108,38,10,38,57,0,724,668,394,375,100,241,681,4.66
Wood,Blake,11,0,0,0,1,2,0,16,16,10,10,4,5,14,5.62
Wood,Hunter,36,6,1,0,5,6,1,64,68,42,39,9,22,48,5.48
Wood,Kerry,195,55,5,2,29,31,2,501,496,286,264,50,221,474,4.74
Wood,Mike,1,0,0,0,0,0,1,1,0,0,0,0,0,1,0.00
Wood,Travis,77,50,13,1,19,21,0,397,341,178,162,28,130,271,3.67
Woodford,Jake,8,0,0,0,0,0,0,17,21,12,12,3,10,12,6.35
Woodruff,Brandon,87,87,31,7,43,27,0,645,555,330,303,36,212,604,4.23
Woods,Jake,11,0,0,0,0,0,0,12,13,5,5,1,6,7,3.75
Workman,Brandon,90,0,0,0,12,5,25,106,57,32,30,8,45,112,2.55
Worley,Vance,44,40,10,4,21,12,0,279,247,128,110,22,90,209,3.55
Worrell,Tim,74,1,0,0,1,7,4,123,121,71,68,4,57,92,4.98
Wright,Jamey,138,15,6,3,16,10,1,262,230,135,122,37,108,180,4.19
Wright,Jaret,24,21,9,1,13,4,0,177,139,76,75,14,62,122,3.81
Wright,Steven,22,22,13,0,8,12,0,173,141,78,69,22,59,144,3.59
Wright,Wesley,61,0,0,0,6,3,2,76,62,31,28,5,25,71,3.32
Wuertz,Michael,91,0,0,0,7,13,7,130,97,67,63,18,44,114,4.36
Wunsch,Kelly,46,0,0,0,1,7,7,29,24,17,16,0,10,20,4.97
Yabu,Keiichi,36,0,0,0,1,4,0,50,45,27,22,8,17,24,3.96
Yan,Esteban,73,0,0,0,2,6,0,119,134,72,66,10,47,89,4.99
Yarbrough,Ryan,47,43,11,1,17,16,0,281,293,170,158,28,85,233,5.06
Yardley,Eric,33,0,0,0,3,2,2,43,29,10,9,4,13,41,1.88
Yates,Kirby,103,0,0,0,6,6,22,159,114,62,58,22,42,202,3.28
Yates,Tyler,50,0,0,0,1,3,0,52,55,26,22,8,31,47,3.81
Ynoa,Huascar,17,17,3,1,7,5,0,108,96,61,55,16,40,123,4.58
Ynoa,Michael,21,0,0,0,3,2,0,39,37,20,19,6,15,32,4.38
Young,Alex,38,38,2,2,10,17,0,218,234,150,145,20,64,183,5.99
Young,Chris,151,149,43,13,67,56,0,1032,952,523,502,104,449,858,4.38
Zambrano,Carlos,293,262,62,7,96,103,0,1716,1615,1018,925,116,779,1312,4.85
Zambrano,Victor,37,36,11,1,14,14,0,247,231,134,127,22,101,187,4.63
Zavada,Clay,33,0,0,0,1,4,0,43,37,27,26,5,20,41,5.44
Ziegler,Brad,341,0,0,0,26,18,81,418,274,140,118,30,127,325,2.54
Zimmer,Kyle,36,0,0,0,1,3,1,39,32,19,19,4,14,40,4.38
Zimmermann,Jordan,214,215,60,16,87,82,0,1407,1275,668,617,150,398,1092,3.95
Zito,Barry,245,210,72,9,92,82,0,1490,1441,770,705,140,553,1009,4.26
Zumaya,Joel,58,0,0,0,3,6,22,84,56,33,30,6,39,78,3.21
Zych,Tony,27,0,0,0,0,5,12,30,33,25,22,9,14,26,6.60
